"656782084724363264",,,"archilmikelashv","archilmikelashv","en",,,,"41,72439096","44,72983936",,,,,,,,"21/10/2015 06:40",,"I'm at FINCA Bank  | áƒ¤áƒ˜áƒœáƒ™áƒ áƒ‘áƒáƒœáƒ™áƒ˜ in Tbilisi https://t.co/sCMvLvJnwY","No","No","No","No","ooew29"
"656778413009739776",,,"ztetka","ztetka","ru",,,,"41,846297","44,719556",,,,,,,,"21/10/2015 06:25",,"I'm at Mtskheta | áƒ›áƒªáƒ®áƒ”áƒ—áƒ in Mtskheta, Mtskheta-Mtianeti https://t.co/t3tPizk9HE https://t.co/TnY3netdtO","No","No","Yes","No","ooew29"
"656777901120049152",,,"CarstenOvens","CarstenOvens","de",,,,"41,71845064","44,79390622",,,,,,,,"21/10/2015 06:23",,"Sicherheitspolitik im Fokus. #GEO15 (@ NATO Liaison Office In Georgia) https://t.co/S0I4TvRjk1 https://t.co/bgKkv0vSTK","No","No","Yes","No","ooew29"
"656770340815818752",,,"NatiaKhidashel1","NatiaKhidashel1","en",,,,"41,94264859","44,5847549",,,,,,,,"21/10/2015 05:53",,"I â¤ï¸Georgia))) #caucasus @caucasusjourney #georgia #harvest #georgianwine #wine #vine #vineyardâ€¦ https://t.co/ZyUIAasDX3","No","No","No","Yes","ooew29"
"656767899907039232",,,"MARGO_LUCHKO","MARGO_LUCHKO","ru",,,,"41,70233479","44,79322099",,,,,,,,"21/10/2015 05:44",,"ĞœĞ¾Ğ¹ Ğ²Ğ¾Ğ»ÑˆĞµĞ±Ğ½Ñ‹Ğ¹ Ğ´ĞµĞ½ÑŒ Ğ½Ğ°Ñ‡Ğ°Ğ»ÑÑ Ñ freshlinegeo  Ğ¡Ğ¿Ğ°ÑĞ¸Ğ±Ğ¾ Ğ¯Ğ½Ğ¾Ñ‡ĞºĞ° Ğ·Ğ° Ğ¿Ğ¾Ğ´Ğ°Ñ€ĞºĞ¸!!!! Ğ­Ñ‚Ğ¾ Ñ‚Ğ°Ğº Ğ¿Ñ€Ğ¸ÑÑ‚Ğ½Ğ¾Ğ¾Ğ¾... â¤â¤â¤â¤ @â€¦ https://t.co/ZYgolZeWtR","No","No","No","Yes","ooew29"
"656763376194863104",,,"0503Diana","0503Diana","ru",,,,"41,8710964","44,77005568",,,,,,,,"21/10/2015 05:26",,"ğŸ˜š @ Zedazeni https://t.co/MqWLhCtTsZ","No","No","No","Yes","ooew29"
"656758995810721792",,,"GvantsaTabaghua","GvantsaTabaghua","en",,,,"41,71639317","44,78371686",,,,,,,,"21/10/2015 05:08",,"I'm at National Center for Educational Quality Enhancement https://t.co/Baw1qKoYEG","No","No","No","No","ooew29"
"656753007535771648",,,"TbilisiGE","TbilisiGE","en",,,,"41,7218","44,78313",,,,,,,,"21/10/2015 04:44",,"current weather in Tbilisi: cloudy, 14Â°C 85% humidity, wind 14km/h, visibility 4km, pressure 1020mb steady","No","No","No","No","ooew29"
"656746598668615680",,,"Kamran69288251","Kamran69288251","ru",,,,"41,6696436","44,96491224",,,,,,,,"21/10/2015 04:19",,"@mozurayte ĞŸÑ€Ğ¸Ğ²ĞµÑ‚ ï¿½ï¿½. Send by https://t.co/zeJobaSsQR","No","No","No","No","ooew29"
"656742923992743936",,,"Coldat1975","Coldat1975","ru",,,,"41,69568775","44,80651764",,,,,,,,"21/10/2015 04:04",,"Ğ¢ĞµĞ°Ñ‚Ñ€ Ğ¼Ğ°Ñ€Ğ¸Ğ¾Ğ½ĞµÑ‚Ğ¾Ğº Ğ ĞµĞ·Ğ¾ Ğ“Ğ°Ğ±Ñ€Ğ¸Ğ°Ğ´Ğ·Ğµ ÑˆĞ¸Ñ€Ğ¾ĞºĞ¾ Ğ¸Ğ·Ğ²ĞµÑÑ‚ĞµĞ½ Ğ´Ğ°Ğ»ĞµĞºĞ¾ Ğ·Ğ° Ğ¿Ñ€ĞµĞ´ĞµĞ»Ğ°Ğ¼Ğ¸â€¦ https://t.co/1qmGt849KF","No","No","No","Yes","ooew29"
"656736078746005504",,,"TbilisiGE","TbilisiGE","en",,,,"41,7218","44,78313",,,,,,,,"21/10/2015 03:37",,"temperature up 13Â°C -&gt; 14Â°C humidity down 96% -&gt; 85% wind 0km/h -&gt; 14km/h","No","No","No","No","ooew29"
"656724371176689664",,,"Grainees","Grainees","en",,,,"41,69002529","44,80878965",,,,,,,,"21/10/2015 02:51",,". Ø§Ø°ÙƒØ§Ø± Ø±Ø¨ÙŠ ØªØ¬Ù„ÙŠ Ø§Ù„Ù‡Ù… ÙˆØ§Ù„Ø¶ÙŠÙ‚ ÙˆÙÙŠ Ø¢ÙŠØ© Ø§Ù„ÙƒØ±Ø³ÙŠ ÙÙˆØ§Ø¦Ø¯ Ø¹Ø¸ÙŠÙ…Ø©  Ø­ØµÙ†Øª Ø­Ø¨Ùƒ Ù…Ù†â€¦ https://t.co/fAimW0ters","No","No","No","Yes","ooew29"
"656718216689901570",,,"CarstenOvens","CarstenOvens","de",,,,"41,6933207","44,80665954",,,,,,,,"21/10/2015 02:26",,"FrÃ¼hstÃ¼ckstermin mit Vertretern der Regierungspartei. #GEO15 (@ Georgian Dream | áƒ¥áƒáƒ áƒ—áƒ£áƒšáƒ˜ áƒáƒªáƒœáƒ”áƒ‘áƒ) https://t.co/VXDGvjil1w","No","No","No","No","ooew29"
"656704704819236864",,,"MARGO_LUCHKO","MARGO_LUCHKO","ru",,,,"41,71984545","44,78063685",,,,,,,,"21/10/2015 01:32",,"Ğ’Ğ¾Ğ»ÑˆĞµĞ±Ğ½Ñ‹Ğ¹,Ñ‚ĞµĞ¿Ğ»Ñ‹Ğ¹,Ğ²Ğ´Ğ¾Ñ…Ğ½Ğ¾Ğ²Ğ»ÑÑÑ‰Ğ¸Ğ¹ Ñ‡ĞµĞ»Ğ¾Ğ²ĞµĞº!!!Ğ›ĞµĞ³ĞµĞ½Ğ´Ğ°...ĞšĞ°Ñ…Ğ¸ ĞšĞ°Ğ²ÑĞ°Ğ´Ğ·Ğµ â¤â¤â¤ @ JAKO FM https://t.co/gZuBKhyyHq","No","No","No","Yes","ooew29"
"656688361453854720",,,"IncSols","IncSols","en",,,,"41,701747","44,787528",,,,,,,,"21/10/2015 00:28",,"Colin and Derek on the streets of Tbilisi... https://t.co/ChNpDnZSNi","No","No","Yes","No","ooew29"
"656678946315046912",,,"smartmazila","smartmazila","en",,,,"41,788117","44,744861",,,,,,,,"20/10/2015 23:50",,"I just finished running 3.39 km in 33m:33s with #Endomondo #endorphins https://t.co/iTkVQHwKEC","No","No","No","No","ooew29"
"656672366479712256",,,"TbilisiGE","TbilisiGE","en",,,,"41,7218","44,78313",,,,,,,,"20/10/2015 23:24",,"current weather in Tbilisi: cloudy, 13Â°C 96% humidity, wind 0km/h, pressure 1019mb steady","No","No","No","No","ooew29"
"656671358911434752",,,"TbilisiGE","TbilisiGE","en",,,,"41,7218","44,78313",,,,,,,,"20/10/2015 23:20",,"7:20am: sunrise sunset will be at 6:09pm today's forecast: mostly cloudy, 16/12Â°C tomorrow: cloudy, 15/11Â°C","No","No","No","No","ooew29"
"656670642947887104",,,"smartmazila","smartmazila","en",,,,"41,78836","44,745599",,,,,,,,"20/10/2015 23:17",,"I just began a running workout using #Endomondo. Peptalk me now @ https://t.co/iTkVQHwKEC","No","No","No","No","ooew29"
"656669509944766464",,,"TbilisiGE","TbilisiGE","en",,,,"41,7218","44,78313",,,,,,,,"20/10/2015 23:13",,"mostly cloudy -&gt; cloudy humidity up 84% -&gt; 96% wind 6km/h -&gt; 0km/h","No","No","No","No","ooew29"
"656630505769603073",,,"ShannonClagett","ShannonClagett","en",,,,"41,7167","44,7833",,,,,,,,"20/10/2015 20:38",,"Lola's father ğŸ˜ @ Tbilisi, Georgia https://t.co/16rAnnw905","No","No","No","Yes","ooew29"
"656603464710135808",,,"travelgeorgia10","travelgeorgia10","en",,,,"41,7834746","44,82709543",,,,,,,,"20/10/2015 18:50",,"Ù…Ù†Ø·Ù‚Ø© ÙƒØ§Ø°Ø¨Ø¬ÙŠ ÙÙŠ Ø¬ÙˆØ±Ø¬ÙŠØ§ @ Kazbegi https://t.co/8HhXu9ohb7","No","No","No","Yes","ooew29"
"656597125804007424",,,"TbilisiGE","TbilisiGE","en",,,,"41,7218","44,78313",,,,,,,,"20/10/2015 18:25",,"temperature down 15Â°C -&gt; 13Â°C wind 14km/h -&gt; 6km/h","No","No","No","No","ooew29"
"656596396318072832",,,"travelgeorgia10","travelgeorgia10","en",,,,"41,7167","44,7833",,,,,,,,"20/10/2015 18:22",,"ØªØ¨Ù„ÙŠØ³ÙŠ Ø¬ÙˆØ±Ø¬ÙŠØ§ Ù…ÙŠØ¯Ø§Ù† Ø´Ø§Ø±Ø¯Ù†ÙŠ Ø§Ù„Ø³ÙŠØ§Ø­ÙŠ  Ø§Ø¬Ù…Ù„ Ø§Ù„Ø±Ø­Ù„Ø§Øª Ø§Ù„Ø³ÙŠØ§Ø­ÙŠØ© ÙÙŠ ØªØ¨Ù„ÙŠØ³ÙŠ Ø¬ÙˆØ±Ø¬ÙŠØ§ @ Tbilisi, Georgia https://t.co/1Rt4giEYpC","No","No","No","Yes","ooew29"
"656595965634347008",,,"travelgeorgia10","travelgeorgia10","en",,,,"41,7167","44,7833",,,,,,,,"20/10/2015 18:20",,"ØªØ¨Ù„ÙŠØ³ÙŠ Ø¬ÙˆØ±Ø¬ÙŠØ§ ØªØµÙˆÙŠØ± Ù…Ù† Ø§Ø¹Ù„ÙŠ  Ø¬Ø¨Ù„ ÙƒÙˆØ³ØªØ¨Ø§ @ Tbilisi, Georgia https://t.co/PkrirIqVDx","No","No","No","Yes","ooew29"
"656585462308610050",,,"travelgeorgia10","travelgeorgia10","en",,,,"41,71589195","44,77184944",,,,,,,,"20/10/2015 17:39",,"Ø¬ÙˆØ¯ÙˆØ±ÙŠ Ø¬ÙˆØ±Ø¬ÙŠØ§ Ø§Ø³ØªÙ…ØªØ¹ ÙÙŠ Ù…Ù†Ø·Ù‚Ø© Ø¬ÙˆØ¯ÙˆØ±ÙŠ ÙÙŠ Ø¬ÙˆØ±Ø¬ÙŠØ§ Ù…Ø¹ Ø§Ø¬Ù…Ù„ Ø§Ù†ÙˆØ§Ø¹ Ø±ÙŠØ§Ø¶ÙŠØ© Ø§Ù„ØªØ²Ø­Ù„Ù‚ Ø¹Ù„ÙŠ Ø§Ù„Ø¬Ù„ÙŠØ¯ ÙˆØ§Ù„ØªÙ„ÙØ±ÙŠÙƒâ€¦ https://t.co/XdluA6ugnN","No","No","No","Yes","ooew29"
"656585349536325632",,,"travelgeorgia10","travelgeorgia10","en",,,,"41,7167","44,7833",,,,,,,,"20/10/2015 17:38",,"ØµØ¨Ø§Ø­ Ø§Ù„Ø®ÙŠØ± Ù…Ù† ØªØ¨Ù„ÙŠØ³ÙŠ Ø¬ÙˆØ±Ø¬ÙŠØ§ ğŸ‘ğŸ‘ğŸ‘ ğŸ“·ğŸ“·ğŸ“·ğŸ“¹ğŸ“¹ğŸ“¹ğŸ¡ğŸ¡ğŸ¡ğŸ¢ğŸ¢ğŸ¢ #ØªØµÙˆÙŠØ±ÙŠ #Ø±Ø­Ù„Ø§ØªÙŠ #Ø³ÙØ±ÙŠØ§ØªÙŠ_Ø±Ø­Ù„Ø§ØªÙŠ #ØªØ¨Ù„ÙŠØ³ÙŠ_Ø¬ÙˆØ±Ø¬ÙŠØ§â€¦ https://t.co/U4U59XKEn0","No","No","No","Yes","ooew29"
"656585175590154240",,,"travelgeorgia10","travelgeorgia10","en",,,,"41,70030545","44,81387085",,,,,,,,"20/10/2015 17:37",,"Ù†Ù‡Ø± Ø§Ù†Ø§Ù†ÙˆØ±ÙŠ Ø·Ø±ÙŠÙ‚ ÙƒØ§Ø°Ø¨Ø¬ÙŠ Ø¬ÙˆØ±Ø¬ÙŠØ§ #Ø·Ø¨ÙŠØ¹Ø©_Ø®Ù„Ø§Ø¨Ø© #Ø³Ø­Ø± Ø¨Ù„Ø§Ø¯ Ø§Ù„Ù‚ÙˆÙ‚Ø§Ø² #Ø¬Ù†Ø©_Ø§Ù„Ø¯Ù†ÙŠØ§ #Ù…Ù†Ø§Ø¸Ø± Ø·Ø¨ÙŠØ¹ÙŠØ©  #Ø³ÙØ±ÙˆØ³ÙŠØ§Ø­Ø© @â€¦ https://t.co/8XF3GjGUte","No","No","No","Yes","ooew29"
"656585134536302592",,,"travelgeorgia10","travelgeorgia10","en",,,,"41,8419462","44,72021322",,,,,,,,"20/10/2015 17:37",,"Ù„Ø¹Ø´Ø§Ù‚ Ø§Ù„Ù‡Ø¯ÙˆØ¡ ÙˆØ§Ù„Ø¬Ù…Ø§Ù„ ÙˆØ§Ù„Ø±Ø§Ø­Ø© Ø§Ù„Ù†ÙØ³ÙŠØ© Ù…Ø¯ÙŠÙ†Ø© Ù…Ø³Ø®Ø§ØªØ§ ÙˆØ¬Ø¨Ù„ Ø¬ÙˆØ§Ø±ÙŠ ÙÙŠ Ø¬ÙˆØ±Ø¬ÙŠØ§ ... Ø±Ø§Ø¦Ø¹Ø© @ Mtskheta City https://t.co/QFVW59ANar","No","No","No","Yes","ooew29"
"656585100101074944",,,"travelgeorgia10","travelgeorgia10","en",,,,"41,7167","44,7833",,,,,,,,"20/10/2015 17:37",,"Ø±Ø­Ù„Ø§Øª Ø³ÙŠØ§Ø­ÙŠØ© ÙÙŠ Ø¬ÙˆØ±Ø¬ÙŠØ§  #Ù…Ø­Ù…Ø¯ ÙƒÙ…Ø§Ù„ Ø§Ù„Ø§Ø­Ø³Ø§Ø¡ #Ø§Ù„ÙŠÙƒØ³ Ø¬ÙˆØ±Ø¬ÙŠØ§ @ Tbilisi, Georgia https://t.co/Es3Wb7JctF","No","No","No","Yes","ooew29"
"656584960472719360",,,"travelgeorgia10","travelgeorgia10","en",,,,"41,7167","44,7833",,,,,,,,"20/10/2015 17:37",,"Ù‚Ø·Ø§Ø± Ù…Ø¯ÙŠÙ†Ø© ØªØ§ØªØ³Ù…Ù†Ø¯Ø§ Ø¨Ø§Ø±Ùƒ ÙÙŠ ØªØ¨Ù„ÙŠØ³ÙŠ Ø¬ÙˆØ±Ø¬ÙŠØ§ @ Tbilisi, Georgia https://t.co/5JOrTtervq","No","No","No","Yes","ooew29"
"656579789038473216",,,"MikolenkoDenis","MikolenkoDenis","ru",,,,"41,70130556","44,79616667",,,,,,,,"20/10/2015 17:16",,"Ğ¯ Ğ½Ğ° Ğ¿Ñ€Ğ¾ÑĞ¼Ğ¾Ñ‚Ñ€Ğµ ÑĞ¾ Ğ²ÑĞµÑ… ÑÑ‚Ğ¾Ñ€Ğ¾Ğ½ ğŸ˜‚ğŸ˜‚ğŸ˜‚  #arnoldclassic #ifbb #ifbbpro #sport #fitness #model #expoâ€¦ https://t.co/Hb2RLG2YHz","No","No","No","Yes","ooew29"
"656574952909504512",,,"NBablidze","NBablidze","en",,,,"41,71282548","44,79488195",,,,,,,,"20/10/2015 16:57",,":3 ğŸ˜Œ ğŸ˜‹ ğŸ˜‹ ğŸ˜‚ áƒ¬áƒšáƒ”áƒ‘áƒ˜áƒ¡ áƒ›áƒáƒ¢áƒ”áƒ‘áƒáƒ¡áƒ—áƒáƒœ áƒ”áƒ áƒ—áƒáƒ“ áƒ•áƒ›áƒ¨áƒ•áƒ”áƒœáƒ“áƒ”áƒ‘áƒ˜ áƒ“áƒ áƒ•áƒ›áƒ¨áƒ•áƒ”áƒœáƒ“áƒ”áƒ‘áƒ˜ ğŸ˜‚ğŸ˜‚ğŸ˜‚ğŸ˜‹ğŸ˜Œ @ Plexanovi https://t.co/uwapUvEYB7","No","No","No","Yes","ooew29"
"656569270000709632",,,"kaukasusreisen","kaukasusreisen","en",,,,"41,68967478","44,80769634",,,,,,,,"20/10/2015 16:34",,"#artist working in a space #art Nugzari Natenadze near Vardzia @ Caucasus Journeys https://t.co/GzQLiim74U","No","No","No","Yes","ooew29"
"656566990950256641",,,"ShannonClagett","ShannonClagett","en",,,,"41,69490734","44,78675323",,,,,,,,"20/10/2015 16:25",,"Tube of death @ Funicular Restaurant https://t.co/NtTLULjG6B","No","No","No","Yes","ooew29"
"656559303533404162",,,"Tabsu","Tabsu","en",,,,"41,70636157","44,77692524",,,,,,,,"20/10/2015 15:55",,"#NutsiOne #dgbambino #dgfamily #Sweetnessoverload ğŸ’Œ @ Happylon https://t.co/c2NG4Zcf2i","No","No","No","Yes","ooew29"
"656556933697114112",,,"Tabsu","Tabsu","en",,,,"41,70636157","44,77692524",,,,,,,,"20/10/2015 15:45",,"#NutsiOne #dgbambino #dgfamily #babygirl #Sweetnessoverload  â¤ï¸ @ Happylon https://t.co/j1FpbxwGmh","No","No","No","Yes","ooew29"
"656553086710845440",,,"TbilisiGE","TbilisiGE","en",,,,"41,7218","44,78313",,,,,,,,"20/10/2015 15:30",,"temperature down 19Â°C -&gt; 15Â°C humidity up 59% -&gt; 84% wind 6km/h -&gt; 14km/h","No","No","No","No","ooew29"
"656552537479323648",,,"annieb_fox","annieb_fox","ru",,,,"41,7974153","44,81508049",,,,,,,,"20/10/2015 15:28",,"ÑÑ‚Ğ¾Ğ¼Ñƒ Ğ³Ğ¾Ñ€Ğ¾Ğ´Ñƒ Ğ½Ğµ Ñ‚Ñ€ĞµĞ±ÑƒÑÑ‚ÑÑ Ñ„Ğ¸Ğ»ÑŒÑ‚Ñ€Ñ‹â˜ï¸ @ Old Tbilisi https://t.co/VKTgCOF5Sv","No","No","No","Yes","ooew29"
"656546693702266881",,,"Quanlida","Quanlida","ru",,,,"41,69002529","44,80878965",,,,,,,,"20/10/2015 15:05",,"Just posted a photo @ Old Tbilisi https://t.co/BlCyV5fdM7","No","No","No","Yes","ooew29"
"656542550665383936",,,"sylwiatomanek","sylwiatomanek","pl",,,,"41,7167","44,7833",,,,,,,,"20/10/2015 14:48",,"#holiday #reflection #blick #Tbilisi #georgia #sun #green #polishgirl #happiness #gruzja #glassesâ€¦ https://t.co/DL8qLScSEJ","No","No","No","Yes","ooew29"
"656541694930866176",,,"ztetka","ztetka","ru",,,,"41,7167","44,7833",,,,,,,,"20/10/2015 14:45",,"Ğ¼Ğ¼Ğ¼?) ÑÑ‚Ğ¾ Ğ»ÑƒÑ‡ÑˆĞ¸Ğ¹ ĞºĞµĞ±Ğ°Ğ±, Ñ‡Ñ‚Ğ¾ Ñ ĞµĞ»Ğ° Ğ² ÑĞ²Ğ¾ĞµĞ¹ Ğ¶Ğ¸Ğ·Ğ½Ğ¸;) #Ğ½Ğ°Ğ¢Ğ¸Ñ„Ğ»Ğ¸Ñ @ Tbilisi,â€¦ https://t.co/3RinI7rxDq","No","No","No","Yes","ooew29"
"656534049390002177",,,"KiselevaInna","KiselevaInna","ru",,,,"41,8439","44,7164",,,,,,,,"20/10/2015 14:14",,"ĞÑÑ‚Ñ€Ñ‹Ğ¹ ÑÑƒĞ¿ Ğ½Ğ° Ğ¾Ğ±ĞµĞ´Ğµ Ğ² ĞœÑ†Ñ…ĞµÑ‚Ğµ. #Ğ±Ğ°Ğ½Ğ´Ğ°Ğ³Ñ€ÑƒĞ·Ğ¸Ğ¸ @ Mtskheta https://t.co/vjxAI1p5wi","No","No","No","Yes","ooew29"
"656533507636928512",,,"KiselevaInna","KiselevaInna","ru",,,,"41,71095739","44,75972855",,,,,,,,"20/10/2015 14:12",,"Ğ’Ğ¸Ğ´ Ñ Ğ¼Ğ¾Ğ½Ğ°ÑÑ‚Ñ‹Ñ€Ñ Ğ”Ğ¶Ğ²Ğ°Ñ€Ğ¸ @ ĞœĞ¾Ğ½Ğ°ÑÑ‚Ñ‹Ñ€ÑŒ Ğ”Ğ¶Ğ²Ğ°Ñ€Ğ¸ https://t.co/gmw6oddSqh","No","No","No","Yes","ooew29"
"656526808473407488",,,"DavidDJVIRUS","DavidDJVIRUS","ru",,,,"41,69411","44,83368",,,,,,,,"20/10/2015 13:46",,"Tbilisoba 2015 #tbilisoba2015 #georgia #tbilisi #riye #djvirusmusic #djvirus #davidgevorkyan @ Riye https://t.co/4LHMwTBjM8","No","No","No","Yes","ooew29"
"656526358281977856",,,"DavidDJVIRUS","DavidDJVIRUS","ru",,,,"41,69411","44,83368",,,,,,,,"20/10/2015 13:44",,"Tbilisoba 2015 âœŒ #tbilisoba #georgia #tbilisi #riye #djvirusmusic #djvirus #rain @ Riye https://t.co/otOovRtQAo","No","No","No","Yes","ooew29"
"656522324288495620",,,"TasteGeorgia","TasteGeorgia","en",,,,"41,7167","44,7833",,,,,,,,"20/10/2015 13:28",,"The markets in Georgia are endlessly fascinating colorful and photogenic. I love the fresh andâ€¦ https://t.co/V1iWtQeH6f","No","No","No","Yes","ooew29"
"656520503566315520",,,"ShannonClagett","ShannonClagett","en",,,,"41,69490734","44,78675323",,,,,,,,"20/10/2015 13:21",,"Tbilisi at nightğŸ—¼ğŸŒğŸš¡ @ Funicular Restaurant https://t.co/9iCCF7Ob8z","No","No","No","Yes","ooew29"
"656519700449505281",,,"seckinpirimoglu","seckinpirimoglu","tr",,,,"41,68692168","44,83577604",,,,,,,,"20/10/2015 13:17",,"I'm at Ki Batono | áƒ™áƒ˜ áƒ‘áƒáƒ¢áƒáƒœáƒ https://t.co/E7g9ys4smP","No","No","No","No","ooew29"
"656518681170739200",,,"_Kellyyyx0","_Kellyyyx0","en",,,,"41,7167","44,7833",,,,,,,,"20/10/2015 13:13",,"When you're stressed because you think you broke Queen Elsa ğŸ˜Ÿ #OhNoâ€¦ https://t.co/7Zb1dqNX7D","No","No","No","Yes","ooew29"
"656517740300136448",,,"kaukasusreisen","kaukasusreisen","en",,,,"41,68967478","44,80769634",,,,,,,,"20/10/2015 13:10",,"a truck to Armenia @ Caucasus Journeys https://t.co/vbmacebQtj","No","No","No","Yes","ooew29"
"656512694976049152",,,"Beth_Pizza_Life","Beth_Pizza_Life","en",,,,"41,6989","44,7981",,,,,,,,"20/10/2015 12:49",,"It was nice to see youâ¤ï¸ @ Tbilisi Marriott Hotel https://t.co/HqoG5D95FS","No","No","No","Yes","ooew29"
"656507822864269313",,,"CarstenOvens","CarstenOvens","de",,,,"41,94202369","44,58475526",,,,,,,,"20/10/2015 12:30",,"Regionale SpezialitÃ¤ten... #GEO15 (@ ChÃ¢teau Mukhrani | áƒ¨áƒáƒ¢áƒ áƒ›áƒ£áƒ®áƒ áƒáƒœáƒ˜ in Mtskheta-Mtianeti) https://t.co/pZtjWmyMSD https://t.co/rL9PK1KU4H","No","No","Yes","No","ooew29"
"656506049739038720",,,"larry_poteito","larry_poteito","en",,,,"41,72","44,78",,,,,,,,"20/10/2015 12:23",,"#saturday #basketball @ Tbilisi Sports Palace https://t.co/lblv9QTDnw","No","No","No","Yes","ooew29"
"656497664582807552",,,"AlaniSinZ","AlaniSinZ","es",,,,"41,72588827","44,77225886",,,,,,,,"20/10/2015 11:50",,"EscuelaâœŒ @ At School https://t.co/I1U7HdNbfQ","No","No","No","Yes","ooew29"
"656495830669643776",,,"AlimElbrus","AlimElbrus","en",,,,"41,70361111","44,79",,,,,,,,"20/10/2015 11:42",,":) @ Rustaveli https://t.co/TglcMBeKIv","No","No","No","Yes","ooew29"
"656494130588196864",,,"Matissa89","Matissa89","en",,,,"41,6861027","44,8403826",,,,,,,,"20/10/2015 11:36",,"https://t.co/HU5okPCuPt","No","No","Yes","No","ooew29"
"656487274092195840",,,"AnizzKao","AnizzKao","en",,,,"41,77769343","44,80596202",,,,,,,,"20/10/2015 11:08",,"à¸‰à¸±à¸™à¹€à¸à¹ˆà¸‡ à¸‰à¸±à¸™à¸œà¹ˆà¸²à¸™à¸¡à¸±à¸™à¹„à¸›à¹„à¸”à¹‰à¸­à¸¢à¹ˆà¸²à¸‡à¹à¸™à¹ˆà¸™à¸­à¸™ â˜”ï¸ @ Pluto https://t.co/em8YI8wOcF","No","No","No","Yes","ooew29"
"656479964531785728",,,"SifuNihat","SifuNihat","de",,,,"41,71694444","44,77805556",,,,,,,,"20/10/2015 10:39",,"Sifu Nihat AtamtÃ¼rk bÃ©suchte zum Zwecke einer Zusammenarbeit am 19.10.2015 den Jiki Martial Ars Clubâ€¦ https://t.co/d3DAYMFyEc","No","No","No","Yes","ooew29"
"656475495706394629",,,"AnnyGurashvili","AnnyGurashvili","en",,,,"41,70793339","44,763762",,,,,,,,"20/10/2015 10:22",,"Yey!!! New hairstyle bitchezzzzğŸ’• mikhelidzee @ Le Gateau https://t.co/FVTjl9U76S","No","No","No","Yes","ooew29"
"656475069502353408",,,"TbilisiGE","TbilisiGE","en",,,,"41,7218","44,78313",,,,,,,,"20/10/2015 10:20",,"current weather in Tbilisi: mostly cloudy, 19Â°C 59% humidity, wind 6km/h, pressure 1012mb steady","No","No","No","No","ooew29"
"656474664630362112",,,"TbilisiGE","TbilisiGE","en",,,,"41,7218","44,78313",,,,,,,,"20/10/2015 10:18",,"6:11pm: sunset tomorrow's forecast for Tbilisi: partly cloudy, 16/12Â°C","No","No","No","No","ooew29"
"656473602498383872",,,"ana_kakashvili","ana_kakashvili","ru",,,,"41,7018159","44,8546704",,,,,,,,"20/10/2015 10:14",,"Love you ariana grande","No","No","No","No","ooew29"
"656472383054721025",,,"AssamArtist","AssamArtist","en",,,,"41,69261566","44,81095067",,,,,,,,"20/10/2015 10:09",,"#travel #traveling #Tbilisi #georgia #vacation #visiting #instatravel #instago #instagood #tripâ€¦ https://t.co/vXNQRMX1a9","No","No","No","Yes","ooew29"
"656471918883635200",,,"ShannonClagett","ShannonClagett","en",,,,"41,7167","44,7833",,,,,,,,"20/10/2015 10:07",,"I'm kinda jealous of Romeo rn lol @ Tbilisi, Georgia https://t.co/lkTGEX6w5L","No","No","No","Yes","ooew29"
"656468838595305473",,,"nfi0404199","nfi0404199","ru",,,,"41,7167","44,7833",,,,,,,,"20/10/2015 09:55",,"ğŸ‘¸ğŸ‘‘ğŸ˜œ  #girl #girls #love #me#cute #picoftheday #beautiful #photooftheday #instagood #fun #smileâ€¦ https://t.co/a7v8SVBNVO","No","No","No","Yes","ooew29"
"656464127196569600",,,"IncSols","IncSols","en",,,,"41,7016","44,787327",,,,,,,,"20/10/2015 09:36",,"Inclusive Solutions in Tbilisi training in Circle of Friends with maximum participationğŸ‘ğŸ˜Š#inclusion https://t.co/VsLUxRevrh","No","No","Yes","No","ooew29"
"656445271388192768",,,"ThePilgreens","ThePilgreens","fr",,,,"41,6887829","44,81331824",,,,,,,,"20/10/2015 08:22",,"Spending the day in Tbilissi raising awareness on electric mobility and COP21 challenges! Later we'llâ€¦ https://t.co/piwhF6Rjg0","No","No","No","Yes","ooew29"
"656442559594655744",,,"yasmin_anoez","yasmin_anoez","id",,,,"41,72588827","44,77225886",,,,,,,,"20/10/2015 08:11",,"I am really bored. Just it. @ At School https://t.co/8CrKsZIkNx","No","No","No","Yes","ooew29"
"656442181947924480",,,"e2c5e204ce5842d","e2c5e204ce5842d","ru",,,,"41,6865961","44,8660799",,,,,,,,"20/10/2015 08:09",,"Ddee https://t.co/SV4a94ORPC","No","No","Yes","No","ooew29"
"656438855067828228",,,"KolkhiTamari","KolkhiTamari","en",,,,"41,69669691","44,79980921",,,,,,,,"20/10/2015 07:56",,"â¤ğŸ¼ @ áƒ¡áƒáƒ®áƒáƒ­áƒáƒáƒ£áƒ áƒ” N1 https://t.co/hrqKCR4Uqf","No","No","No","Yes","ooew29"
"656425387971518464",,,"mapinusi","mapinusi","en",,,,"41,77320268","44,77625916",,,,,,,,"20/10/2015 07:03",,"I run entirely on caffeine â˜•ï¸ @ David Tvildiani Medical University https://t.co/DJ2IBVNsjt","No","No","No","Yes","ooew29"
"656423935001530368",,,"mozurayte","mozurayte","en",,,,"41,6696436","44,96491224",,,,,,,,"20/10/2015 06:57",,"Ğ Ğ¼Ğ½Ğµ Ğ¿Ğ¾Ñ€Ğ° Ğ´Ğ¾Ğ¼Ğ¾Ğ¹! #ĞºĞ°ĞºĞ¶Ğ°Ğ»ÑŒ âœŒï¸ @ Tblisi International Airport https://t.co/YwKyjb1Z0y","No","No","No","Yes","ooew29"
"656420472863793152",,,"ranjethfernando","ranjethfernando","en",,,,"41,7167","44,7833",,,,,,,,"20/10/2015 06:43",,"through, how you managed to survive. You wonâ€™t even be sure, whether the storm is really over. Butâ€¦ https://t.co/TD075vhzjR","No","No","No","Yes","ooew29"
"656419663883145216",,,"TbilisiGE","TbilisiGE","en",,,,"41,7218","44,78313",,,,,,,,"20/10/2015 06:40",,"mostly cloudy -&gt; fair temperature up 13Â°C -&gt; 19Â°C humidity down 79% -&gt; 46% wind 0km/h -&gt; 23km/h","No","No","No","No","ooew29"
"656418521589551105",,,"Barbarosfasha","Barbarosfasha","en",,,,"41,69002529","44,80878965",,,,,,,,"20/10/2015 06:35",,"#ÑˆĞ°ÑˆĞ»Ñ‹Ğº #Ñ‡Ğ¸Ğ»Ğ¸Ğº #Ğ°Ñ€Ğ¼ÑĞ½ÑĞºĞ¸Ğ¹ #ÑÑƒĞ¿ĞµÑ€ # @ Old Tbilisi https://t.co/qQxnCu05q6","No","No","No","Yes","ooew29"
"656397729334239232",,,"anitadataselia","anitadataselia","en",,,,"41,7190129","44,8023837",,,,,,,,"20/10/2015 05:13",,"https://t.co/vXLIvFfrtq","No","No","Yes","No","ooew29"
"656396335030079488",,,"CarstenOvens","CarstenOvens","de",,,,"41,68829673","44,82087135",,,,,,,,"20/10/2015 05:07",,"Mittagessen mit Aussicht. Faszinierende Stadt. #GEO15 https://t.co/pfAosCzPAX https://t.co/B0guM2wZgw","No","No","Yes","No","ooew29"
"656390586577088512",,,"TbilisiGE","TbilisiGE","en",,,,"41,7218","44,78313",,,,,,,,"20/10/2015 04:44",,"current weather in Tbilisi: mostly cloudy, 13Â°C 79% humidity, wind 0km/h, pressure 1016mb steady","No","No","No","No","ooew29"
"656384443029000192",,,"MikolenkoDenis","MikolenkoDenis","ru",,,,"41,73216948","44,78492452",,,,,,,,"20/10/2015 04:20",,"Dream team ğŸ‡ºğŸ‡¦ @ Wereteli Avenu https://t.co/QMKa4LdRrn","No","No","No","Yes","ooew29"
"656380583803777024",,,"ztetka","ztetka","ru",,,,"41,69307461","44,81078831",,,,,,,,"20/10/2015 04:05",,"Ğ³Ğ°Ğ¼Ğ°Ñ€Ğ´Ğ¶Ğ¾Ğ±Ğ°! Ğ½Ğ°ÑˆĞµ Ğ¿ÑƒÑ‚ĞµÑˆĞµÑÑ‚Ğ²Ğ¸Ğµ Ğ¿Ñ€Ğ¾Ğ´Ğ¾Ğ»Ğ¶Ğ°Ñ‚ÑÑ) ÑĞµĞ³Ğ¾Ğ´Ğ½Ñ Ğ³Ğ¾Ñ€Ğ¸ - Ğ³Ğ¾Ñ€Ğ¾Ğ´, Ğ³Ğ´Ğµâ€¦ https://t.co/ZvIKLb2xwh","No","No","No","Yes","ooew29"
"656378635599912960",,,"MikolenkoDenis","MikolenkoDenis","ru",,,,"41,7233182","44,7820891",,,,,,,,"20/10/2015 03:57",,"âœŒğŸ½ï¸ğŸ˜  pumping .... ğŸ˜‚ @ Ğ—Ğ¾Ğ¾Ğ¿Ğ°Ñ€Ğº Ğ¢Ğ±Ğ¸Ğ»Ğ¸ÑĞ¸ https://t.co/iNzAFQI3wC","No","No","No","Yes","ooew29"
"656377631257067520",,,"MikolenkoDenis","MikolenkoDenis","ru",,,,"41,69002529","44,80878965",,,,,,,,"20/10/2015 03:53",,"First Black sea Open Championships 2015! @ Old Tbilisi https://t.co/1uAlgj5wAK","No","No","No","Yes","ooew29"
"656377299110076417",,,"Emjaysy24","Emjaysy24","en",,,,"41,7167","44,7833",,,,,,,,"20/10/2015 03:51",,"Georgia (country) Tour Oct 2015 #tbilisigeorgia2015 @ Tbilisi, Georgia https://t.co/uAoPJwZZj2","No","No","No","Yes","ooew29"
"656373738351542272",,,"mozurayte","mozurayte","en",,,,"41,70239234","44,78560624",,,,,,,,"20/10/2015 03:37",,"ĞĞºĞ°Ğ·Ñ‹Ğ²Ğ°ĞµÑ‚ÑÑ, Ğ½Ğ° ĞºÑ€Ñ‹ÑˆĞµ Ğ¼Ğ¾ĞµĞ³Ğ¾ Ğ¾Ñ‚ĞµĞ»Ñ ĞµÑÑ‚ÑŒ Ğ¿Ñ€ĞµĞºÑ€Ğ°ÑĞ½Ğ°Ñ Ñ‚ĞµÑ€Ñ€Ğ°ÑĞ°â€¦ https://t.co/tBqULxBYuT","No","No","No","Yes","ooew29"
"656373119939158016",,,"TbilisiGE","TbilisiGE","en",,,,"41,7218","44,78313",,,,,,,,"20/10/2015 03:35",,"partly cloudy -&gt; mostly cloudy temperature up 9Â°C -&gt; 13Â°C humidity down 99% -&gt; 79%","No","No","No","No","ooew29"
"656372862484377600",,,"CarstenOvens","CarstenOvens","de",,,,"41,71845064","44,79390622",,,,,,,,"20/10/2015 03:34",,"Wir starten in den Tag mit einem sicherheitspolitischen GesprÃ¤ch. #GEO15 https://t.co/c5032OQkrf https://t.co/4Cv9eHTy3A","No","No","Yes","No","ooew29"
"656363135406862336",,,"KiselevaInna","KiselevaInna","ru",,,,"41,70098734","44,79501111",,,,,,,,"20/10/2015 02:55",,"ĞœĞ¾ÑÑ‚ Ğ¼ĞµĞ½Ñ Ğ¿Ğ¾Ñ€Ğ°Ğ·Ğ¸Ğ». ĞÑ€Ñ…Ğ¸Ñ‚ĞµĞºÑ‚Ğ¾Ñ€Ñƒ Ğ¿Ñ€Ğ¸Ğ²ĞµÑ‚.#Ğ±Ğ°Ğ½Ğ´Ğ°Ğ³Ñ€ÑƒĞ·Ğ¸Ğ¸ #ÑĞ»ÑĞ±Ğ»ÑĞ³Ñ€ÑƒĞ·Ğ¸Ñ @â€¦ https://t.co/mpY2eqskqs","No","No","No","Yes","ooew29"
"656360511580323840",,,"seemmhh","seemmhh","tr",,,,"41,69002529","44,80878965",,,,,,,,"20/10/2015 02:45",,"Eski Tiflis @ Old Tbilisi https://t.co/CUz9JxfT7L","No","No","No","Yes","ooew29"
"656351721820680192",,,"ffenerizm","ffenerizm","en",,,,"41,716667","44,783333",,,,,,,,"20/10/2015 02:10",,"I'm at Georgia | áƒ¡áƒáƒ¥áƒáƒ áƒ—áƒ•áƒ”áƒšáƒ https://t.co/fHHQVvh0Fk","No","No","No","No","ooew29"
"656336649186578432",,,"teona_tete","teona_tete","en",,,,"41,72446594","44,76078984",,,,,,,,"20/10/2015 01:10",,"@daljeetbhanot congrats 21k #followers ğŸ‰ğŸ‰ğŸ‰ love you so much â¤ï¸ all the best your new show ğŸ˜˜","No","No","No","No","ooew29"
"656329257086533632",,,"0113c02a86dc485","0113c02a86dc485","ru",,,,"41,681688","44,8479534",,,,,,,,"20/10/2015 00:41",,"https://t.co/KL8w13geDJ","No","No","Yes","No","ooew29"
"656324820716662789",,,"TbilisiGE","TbilisiGE","en",,,,"41,7218","44,78313",,,,,,,,"20/10/2015 00:23",,"temperature up 8Â°C -&gt; 9Â°C humidity down 100% -&gt; 99%","No","No","No","No","ooew29"
"656321353549807616",,,"smartmazila","smartmazila","en",,,,"41,788298","44,744954",,,,,,,,"20/10/2015 00:09",,"I just finished running 3.10 km in 34m:58s with #Endomondo #endorphins https://t.co/hjkDP41e14","No","No","No","No","ooew29"
"656311582067150848",,,"smartmazila","smartmazila","en",,,,"41,789015","44,746139",,,,,,,,"19/10/2015 23:30",,"I just began a running workout using #Endomondo. Peptalk me now @ https://t.co/hjkDP41e14","No","No","No","No","ooew29"
"656309446415654912",,,"TbilisiGE","TbilisiGE","en",,,,"41,7218","44,78313",,,,,,,,"19/10/2015 23:22",,"current weather in Tbilisi: partly cloudy, 8Â°C 100% humidity, wind 0km/h, pressure 1019mb steady","No","No","No","No","ooew29"
"656308437488414720",,,"TbilisiGE","TbilisiGE","en",,,,"41,7218","44,78313",,,,,,,,"19/10/2015 23:18",,"7:18am: sunrise sunset will be at 6:11pm today's forecast: partly cloudy, 23/12Â°C tomorrow: partly cloudy, 16/12Â°C","No","No","No","No","ooew29"
"656273560374112256",,,"aqmarhadif","aqmarhadif","en",,,,"41,77769343","44,80596202",,,,,,,,"19/10/2015 20:59",,"Roket tersadai dekat pluto ğŸ˜ª @ Pluto https://t.co/r5cZXawSIy","No","No","No","Yes","ooew29"
"656242511967555584",,,"TurapcanKarasu","TurapcanKarasu","tr",,,,"41,73114578","44,78379133",,,,,,,,"19/10/2015 18:56",,"Armudun iyisini  ayÄ±lar yermiÅŸ bizede suyunu iÃ§mek dÃ¼ÅŸÃ¼yor ğŸ˜‚ğŸ˜‚ (@ KARASU HOMEğŸ‘ğŸ’ªğŸ’ğŸ’€ğŸ‘») https://t.co/GnalVseFQD https://t.co/TmLTg5Tj8o","No","No","Yes","No","ooew29"
"656238405567840257",,,"TbilisiGE","TbilisiGE","en",,,,"41,7218","44,78313",,,,,,,,"19/10/2015 18:40",,"mostly cloudy -&gt; clear temperature down 11Â°C -&gt; 9Â°C humidity up 97% -&gt; 98%","No","No","No","No","ooew29"
"656225260560224256",,,"ShannonClagett","ShannonClagett","en",,,,"41,7167","44,7833",,,,,,,,"19/10/2015 17:47",,"When you're completely too close to people. ğŸ’ğŸ’ğŸ’ @ Tbilisi, Georgia https://t.co/uf6uFIwDwB","No","No","No","Yes","ooew29"
"656225240138121216",,,"ShannonClagett","ShannonClagett","en",,,,"41,70785918","44,77670208",,,,,,,,"19/10/2015 17:47",,"So many options here @ Napareuli St. 14 https://t.co/O9BpdJWW0O","No","No","No","Yes","ooew29"
"656220275659423745",,,"_Perdix_","_Perdix_","en",,,,"41,7292924","44,7611373",,,,,,,,"19/10/2015 17:28",,"áƒ›áƒáƒ›áƒ¬áƒáƒœáƒ¡ áƒ˜áƒ¡, áƒ áƒáƒ› áƒ©áƒ”áƒ›áƒ¡ áƒáƒ“áƒ’áƒ˜áƒšáƒ¡ áƒ•áƒáƒáƒ£áƒšáƒáƒ‘ áƒ˜áƒ¥, áƒ¡áƒáƒ“áƒáƒª áƒáƒ¥áƒáƒ›áƒ“áƒ” áƒ›áƒáƒ•áƒ˜áƒ¬áƒ áƒáƒ•áƒ”áƒ‘áƒ“áƒœáƒ”áƒœ...","No","No","No","No","ooew29"
"656215129822892032",,,"Quanlida","Quanlida","ru",,,,"41,69002529","44,80878965",,,,,,,,"19/10/2015 17:07",,"24 Ğ³Ğ¾Ğ´Ğ° ÑĞ¿ÑƒÑÑ‚Ñ))) #Ğ´Ñ€ÑƒĞ·ÑŒÑ #Ğ“Ñ€ÑƒĞ·Ğ¸Ñ #Ğ¢Ğ±Ğ¸Ğ»Ğ¸ÑĞ¸ @ Old Tbilisi https://t.co/PCbRqoPZwZ","No","No","No","Yes","ooew29"
"656210817914789889",,,"kaukasusreisen","kaukasusreisen","en",,,,"41,68967478","44,80769634",,,,,,,,"19/10/2015 16:50",,"rider and donkeys @ Caucasus Journeys https://t.co/TFwQu4hlBM","No","No","No","Yes","ooew29"
