"657985669189472256",,,"ZariosZ","ZariosZ","ru",,,,"41,708889","44,751389",,,,,,,,"24/10/2015 14:23",,"#autumn @ Vake Park https://t.co/sKigeLcFEc","No","No","No","Yes","ooew29"
"657984326307483648",,,"Keti_Nebieridze","Keti_Nebieridze","en",,,,"41,79299134","44,75569263",,,,,,,,"24/10/2015 14:17",,"ğŸ˜‚âœ¨âœ¨ After the whole day of studying #exams #tired #busyday #weekend @ Big Digomi https://t.co/dccfW5GgVo","No","No","No","Yes","ooew29"
"657977232976146432",,,"MARGO_LUCHKO","MARGO_LUCHKO","ru",,,,"41,69002529","44,80878965",,,,,,,,"24/10/2015 13:49",,"ĞÑĞµĞ½ÑŒ....Ğ»Ğ¸ÑÑ‚ÑŒÑ...ĞºÑ€Ğ°ÑĞ½Ñ‹Ğµ ÑĞ±Ğ»Ğ¾ĞºĞ¸ Ğ¸ Ğ²ĞºÑƒÑĞ½Ñ‹Ğ¹ Ñ‡Ğ°Ğ¹...Ğ¿Ğ»ĞµĞ´...ÑÑ‚Ğ°Ñ€Ñ‹Ğµ Ñ„Ğ¸Ğ»ÑŒĞ¼Ñ‹ Ğ¸ Ñ€Ğ°Ğ·Ğ³Ğ¾Ğ²Ğ¾Ñ€Ñ‹ Ğ´Ğ¾ ÑƒÑ‚Ñ€Ğ°....â€¦ https://t.co/Z1bPiO96zn","No","No","No","Yes","ooew29"
"657966236488347648",,,"tatarashvilian5","tatarashvilian5","en",,,,"41,6964516","44,8804117",,,,,,,,"24/10/2015 13:05",,"Watching joes vlog!! ğŸ™ŒğŸ™ŒğŸ‘ğŸ‘ğŸ˜‚ https://t.co/j77lSBkPYr","No","No","Yes","No","ooew29"
"657959661182697472",,,"samkhardze","samkhardze","en",,,,"41,71159611","44,77128213",,,,,,,,"24/10/2015 12:39",,"ğŸ˜ğŸŒŸğŸˆğŸˆ rakai iyoğŸ˜„ lizabeglarashvili @ Mziuri https://t.co/NZ2nYvLfGQ","No","No","No","Yes","ooew29"
"657956639140651009",,,"Gamar_ka","Gamar_ka","en-gb",,,,"41,68196242","44,82471228",,,,,,,,"24/10/2015 12:27",,"#ĞºÑ€Ğ¾ÑĞ¾Ğ²ĞºĞ¸Ğ¿Ğ¾Ğ´Ñ†Ğ²ĞµÑ‚ĞºÑƒÑ€Ñ‚ĞºĞ¸ #necedestilniqizammen #nomakeupnoproblem @â€¦ https://t.co/JAKxPOJb0t","No","No","No","Yes","ooew29"
"657956281349722116",,,"TbilisiGE","TbilisiGE","en",,,,"41,7218","44,78313",,,,,,,,"24/10/2015 12:26",,"cloudy -&gt; mostly cloudy temperature down 23Â°C -&gt; 18Â°C humidity up 57% -&gt; 81% wind 11km/h -&gt; 3km/h","No","No","No","No","ooew29"
"657955134933045248",,,"_fek","_fek","en",,,,"41,69777778","44,79916667",,,,,,,,"24/10/2015 12:21",,"#vaftiz #papaz #dua #kilise #church #amen #gÃ¼rcistan #georgia @ Kashveti Church https://t.co/MyWnUwjank","No","No","No","Yes","ooew29"
"657954195438489601",,,"ANIcule","ANIcule","en",,,,"41,77315498","44,79388951",,,,,,,,"24/10/2015 12:17",,"#tbt ğŸ’šâš½ï¸ğŸ’š #supercup2015 #barcelonasevilla #tbilisi #steward @ David Guramishvili Ave https://t.co/BSRtrrVPS7","No","No","No","Yes","ooew29"
"657952651007541250",,,"_fek","_fek","en",,,,"41,69777778","44,79916667",,,,,,,,"24/10/2015 12:11",,"mÃ¼jde, dÃ¼ÄŸÃ¼n var! #kilise #church #dÃ¼ÄŸÃ¼n #nikah #gelin #damat #ayin #ortodoks #mutluluklar #tebriklerâ€¦ https://t.co/aPWf3PgRIg","No","No","No","Yes","ooew29"
"657949305286713345",,,"killia7sas","killia7sas","en",,,,"41,69002529","44,80878965",,,,,,,,"24/10/2015 11:58",,"Ù„Ø§ ØªØ¹ÙŠØ´ Ø¹Ù„Ù‰ Ø§Ù†ØªØ¸Ø§Ø± Ø§Ø­Ø¯ ÙÙ…Ù† Ù„Ø§ ÙŠØ¹ØªØ¨Ø± ÙˆØ¬ÙˆØ¯Ùƒ Ù…ÙƒØ³Ø¨Ø§ Ù„Ù‡ ....Ù„Ø§ ØªØ¹ØªØ¨Ø±â€¦ https://t.co/jkrbcVw8o3","No","No","No","Yes","ooew29"
"657947412997218304",,,"realbigbro","realbigbro","ru",,,,"41,7167","44,7833",,,,,,,,"24/10/2015 11:51",,"ĞŸĞĞ“ĞĞ”Ğ ĞĞĞ’Ğ•Ğ¯Ğ›Ğ! #BigBro - #Ğ‘Ñ‹Ğ»Ğ°Ğ‘Ñ‹Ğ¢Ñ‹Ğ¢Ğ°Ğ¼ #Tbilisi @ Tbilisi, Georgia https://t.co/NIP0BjEHyR","No","No","No","Yes","ooew29"
"657947037590163457",,,"_fek","_fek","en",,,,"41,69568775","44,80651764",,,,,,,,"24/10/2015 11:49",,"#tiflis deÄŸil #vietnam kahvesi :) #vietnamiesecoffee #cafegabriadze #keyif #nezih #dem @ Cafe Gabriadze https://t.co/uVadTJ9dC3","No","No","No","Yes","ooew29"
"657941054088454145",,,"Dianikoo","Dianikoo","en",,,,"41,71116915","44,75749852",,,,,,,,"24/10/2015 11:25",,"I'm at Wendy's | áƒ•áƒ”áƒœáƒ“áƒ˜'áƒ¡ - @wendysgeorgia in Tbilisi, K'alak'i T'bilisi https://t.co/xf5DXV9uUW","No","No","No","No","ooew29"
"657938671622991872",,,"orinjuice","orinjuice","en",,,,"41,68864038","44,81108694",,,,,,,,"24/10/2015 11:16",,"The view from this veranda looks like it's from a modern urban fairytale. The city is beautiful atâ€¦ https://t.co/DaNdmQsseM","No","No","No","Yes","ooew29"
"657938348821106688",,,"maaaaaorama","maaaaaorama","ru",,,,"41,71553609","44,80011879",,,,,,,,"24/10/2015 11:15",,"Ğ¯ ÑĞµÑ€ÑŒĞµĞ·Ğ½Ğ°, Ğ°Ğ±ÑĞ¾Ğ»ÑÑ‚Ğ½Ğ¾ ÑĞµÑ€ÑŒĞµĞ·Ğ½Ğ°. @ Tv Iberia https://t.co/JZmu8S6ew9","No","No","No","Yes","ooew29"
"657937006316662784",,,"saniday","saniday","en",,,,"41,69013403","44,79989218",,,,,,,,"24/10/2015 11:09",,"Soviet Terror Walking Tour #Tbilisi @ Machabeli Street https://t.co/BXcBmcnEVn","No","No","No","Yes","ooew29"
"657936445898936320",,,"saniday","saniday","en",,,,"41,69025564","44,80000377",,,,,,,,"24/10/2015 11:07",,"Soviet terror walking tour #tbilisi (@ Machabeli Street | áƒ›áƒáƒ©áƒáƒ‘áƒ”áƒšáƒ˜áƒ¡ áƒ¥áƒ£áƒ©áƒ in Tbilisi) https://t.co/kHtOVZD4pG","No","No","No","No","ooew29"
"657935306944040964",,,"theslayerwoman","theslayerwoman","tr",,,,"41,716667","44,783333",,,,,,,,"24/10/2015 11:02",,"Sonunda mola (@ Georgia | áƒ¡áƒáƒ¥áƒáƒ áƒ—áƒ•áƒ”áƒšáƒ) https://t.co/jzc5EFcCB0","No","No","No","No","ooew29"
"657930127897141248",,,"Klimtely","Klimtely","en",,,,"41,705694","44,7899444",,,,,,,,"24/10/2015 10:42",,"#vintage #music #art #hit #steviewonder @ áƒ™áƒáƒ¤áƒ”-áƒ¡áƒáƒšáƒáƒœáƒ˜ 25-áƒ” áƒ™áƒáƒ“áƒ áƒ˜/ Cafe Salon 25th Frame https://t.co/aMlgJlS7z2","No","No","No","Yes","ooew29"
"657930082506424321",,,"archilmikelashv","archilmikelashv","en",,,,"41,7229724","44,77725117",,,,,,,,"24/10/2015 10:42",,"I'm at Cafe de Paris in Tbilisi https://t.co/woMlEdOdZA","No","No","No","No","ooew29"
"657928610876145664",,,"archilmikelashv","archilmikelashv","en",,,,"41,71356288","44,78327841",,,,,,,,"24/10/2015 10:36",,"I'm at Heroes' Square | áƒ’áƒ›áƒ˜áƒ áƒ—áƒ áƒ›áƒáƒ”áƒ“áƒáƒœáƒ˜ in Tbilisi https://t.co/yO5Uu2u4BN","No","No","No","No","ooew29"
"657928415421579264",,,"balkhama","balkhama","en",,,,"41,89846463","44,69213632",,,,,,,,"24/10/2015 10:35",,"I'm at Hello  Cafe in Tserovani https://t.co/kqqGQMImqJ","No","No","No","No","ooew29"
"657924540190859264",,,"TbilisiGE","TbilisiGE","en",,,,"41,7218","44,78313",,,,,,,,"24/10/2015 10:20",,"current weather in Tbilisi: cloudy, 23Â°C 57% humidity, wind 11km/h, pressure 1012mb steady","No","No","No","No","ooew29"
"657918359518978049",,,"CarstenOvens","CarstenOvens","de",,,,"41,72090538","44,79913473",,,,,,,,"24/10/2015 09:55",,"Abenteuer #Bahn. ZurÃ¼ck in der Hauptstadt. #GEO15 (@ Tbilisi Central | áƒ—áƒ‘áƒ˜áƒšáƒ˜áƒ¡áƒ˜ áƒªáƒ”áƒœáƒ¢áƒ áƒáƒšáƒ˜) https://t.co/UlHWki4kzm https://t.co/JBwMsh4ols","No","No","Yes","No","ooew29"
"657918201393758209",,,"TbilisiGE","TbilisiGE","en",,,,"41,7218","44,78313",,,,,,,,"24/10/2015 09:54",,"mostly cloudy -&gt; cloudy temperature up 21Â°C -&gt; 23Â°C humidity down 58% -&gt; 57% wind 14km/h -&gt; 11km/h","No","No","No","No","ooew29"
"657914152451571712",,,"0503Diana","0503Diana","ru",,,,"41,69411","44,83368",,,,,,,,"24/10/2015 09:38",,"ğŸ˜š #ÑĞ²Ğ°Ğ´ÑŒĞ±Ğ°ÑˆĞ°Ğ»Ğ²Ğ°ĞºÑ€Ğ¸ÑÑ‚Ğ¸Ğ½Ğ° #ĞµĞ·Ğ¸Ğ´ÑĞºĞ°ÑÑĞ²Ğ°Ğ´ÑŒĞ±Ğ° @ Restorani Metropoli ; https://t.co/Rbiaa7jFDC","No","No","No","Yes","ooew29"
"657910758018297856",,,"orinjuice","orinjuice","en",,,,"41,709625","44,797981",,,,,,,,"24/10/2015 09:25",,"Taking a break after a 6.9km city trek. Biggest macaron I've yet to eat! (It's a big as a hamburger!)â€¦ https://t.co/kmPuVWBqLN","No","No","No","Yes","ooew29"
"657903501335511040",,,"salmazem","salmazem","en",,,,"41,66916667","44,95472222",,,,,,,,"24/10/2015 08:56",,"Just posted a photo @ Tbilisi International Airport https://t.co/dxf9j74WY9","No","No","No","Yes","ooew29"
"657899121538387968",,,"DeejForza","DeejForza","en",,,,"41,69002529","44,80878965",,,,,,,,"24/10/2015 08:39",,"The Velvet Season ğŸ‡ğŸŒ¿ #Tbilisi #GeorgiaNotAtlanta #travel #travel @ Old Tbilisi https://t.co/2XJiFtbo4k","No","No","No","Yes","ooew29"
"657898931876155392",,,"TMarghishvili","TMarghishvili","en",,,,"41,71","44,77833333",,,,,,,,"24/10/2015 08:38",,"#leasuretime #saturdayafternoon #us #afterlectures ğŸ™ˆğŸ˜ @ Tbilisi Stateâ€¦ https://t.co/eXNGunWjPf","No","No","No","Yes","ooew29"
"657881070990307328",,,"buulioni","buulioni","en",,,,"41,70952507","44,75804865",,,,,,,,"24/10/2015 07:27",,"#áƒ™áƒáƒ¦áƒáƒ˜áƒ” #áƒ¡áƒ˜áƒ›áƒáƒœ #about #git #flow @ Wandio https://t.co/sSAazFV0t2","No","No","No","Yes","ooew29"
"657877278878244864",,,"Takot48","Takot48","en",,,,"41,72582654","44,74870574",,,,,,,,"24/10/2015 07:12",,"https://t.co/jGnzEdwLAH","No","No","Yes","No","ooew29"
"657875049253326848",,,"MikolenkoDenis","MikolenkoDenis","ru",,,,"41,73765878","44,85866505",,,,,,,,"24/10/2015 07:03",,"Rewarding ğŸ…ğŸ†ğŸ– #bodybuilding #biotech #mensphysique #motivation #tbilisi #mensphysic @ Tbilisi Sea Club https://t.co/7aa1LEFPRC","No","No","No","Yes","ooew29"
"657866064320184320",,,"seckinpirimoglu","seckinpirimoglu","tr",,,,"41,68337716","44,82919693",,,,,,,,"24/10/2015 06:27",,"I'm at áƒ›áƒ”áƒªáƒ®áƒ áƒ” áƒáƒ áƒ®áƒ˜ | Channel 9 - @tv9ge in Tbilisi, Dusheti's Raioni https://t.co/nW0K7ldmyp","No","No","No","No","ooew29"
"657865991389597696",,,"as_korolev","as_korolev","ru",,,,"41,7167","44,7833",,,,,,,,"24/10/2015 06:27",,"Ğ”Ñ€ÑƒĞ·ÑŒÑ, Ğ¿ĞµÑ€ĞµĞ´ Ğ²Ğ°Ğ¼Ğ¸ Ğ¢Ğ±Ğ¸Ğ»Ğ¸ÑÑĞºĞ¸Ğ¹ Ğ¡Ñ‚Ğ¾ÑƒĞ½Ñ…ĞµĞ½Ğ´Ğ¶ - Ğ²ĞµĞ»Ğ¸Ñ‡ĞµÑÑ‚Ğ²ĞµĞ½Ğ½Ñ‹Ğ¹ Ğ°Ğ½ÑĞ°Ğ¼Ğ±Ğ»ÑŒ Ğ¼Ğ¾Ğ½ÑƒĞ¼ĞµĞ½Ñ‚Ğ°Ğ»ÑŒĞ½Ñ‹Ñ… ÑĞºÑƒĞ»ÑŒĞ¿Ñ‚ÑƒÑ€ Ğ˜ÑÑ‚Ğ¾Ñ€Ğ¸Ñâ€¦ https://t.co/Qg23OAFKT8","No","No","No","Yes","ooew29"
"657864671320342528",,,"Natanelaaa","Natanelaaa","en",,,,"41,69361111","44,80833333",,,,,,,,"24/10/2015 06:22",,"ĞœĞ¾ÑÑ‚ ĞœĞ¸Ñ€Ğ°. Ğ’ Ğ½Ğ°Ñ€Ğ¾Ğ´Ğµ Ğ¿Ñ€Ğ¾ÑÑ‚Ğ¾ ĞĞ»Ğ²ĞµĞ¹Ğ· ğŸ˜• @ The Bridge of Peace https://t.co/r5Djsnpw3q","No","No","No","Yes","ooew29"
"657860732202164224",,,"aysha_adel22","aysha_adel22","en",,,,"41,7167","44,7833",,,,,,,,"24/10/2015 06:06",,"At Tbilisi âœˆï¸ğŸ’—ğŸ­ @ Tbilisi, Georgia https://t.co/7b85JgBlCa","No","No","No","Yes","ooew29"
"657860694818344960",,,"aysha_adel22","aysha_adel22","en",,,,"41,7167","44,7833",,,,,,,,"24/10/2015 06:06",,"Look deep in to nature and then you will find everything better @â€¦ https://t.co/qk4MRD6R11","No","Yes","No","No","ooew29"
"657860652837523456",,,"aysha_adel22","aysha_adel22","en",,,,"41,7167","44,7833",,,,,,,,"24/10/2015 06:06",,"Hope is the only bee that makes honey without flowers. @ Tbilisi, Georgia https://t.co/YlF1dxCsDM","No","No","No","Yes","ooew29"
"657860487917490176",,,"aysha_adel22","aysha_adel22","en",,,,"41,69430159","44,78384621",,,,,,,,"24/10/2015 06:05",,"ğŸ‘ŒğŸ»ğŸ‘ŒğŸ»ğŸ’”â¤ï¸ @ Mtatsminda Park. áƒ›áƒ—áƒáƒ¬áƒ›áƒ˜áƒœáƒ“áƒ˜áƒ¡ áƒáƒáƒ áƒ™áƒ˜ https://t.co/dqrMVWbUTl","No","No","No","Yes","ooew29"
"657857603003904000",,,"AndreaMR7","AndreaMR7","es",,,,"41,95","44,5167",,,,,,,,"24/10/2015 05:54",,"Muy buena primera noche con los de siempreğŸ’•ğŸŠğŸ‰ğŸ˜ğŸ”ğŸ» #Oktoberfest @ Ferma https://t.co/lvmx5dqlrX","No","No","No","Yes","ooew29"
"657856305848258560",,,"TbilisiGE","TbilisiGE","en",,,,"41,7218","44,78313",,,,,,,,"24/10/2015 05:49",,"partly cloudy -&gt; mostly cloudy temperature up 14Â°C -&gt; 21Â°C humidity down 83% -&gt; 58%","No","No","No","No","ooew29"
"657850649133129728",,,"olga_dmitrieva_","olga_dmitrieva_","ru",,,,"41,72413144","44,79068144",,,,,,,,"24/10/2015 05:26",,"Ğ”Ğ¾ ÑĞ²Ğ¸Ğ´Ğ°Ğ½Ğ¸Ñ , ÑĞ¾Ğ»Ğ½ĞµÑ‡Ğ½Ğ°Ñ Ğ“Ñ€ÑƒĞ·Ğ¸Ñ !!!ğŸ‡¬ğŸ‡ªğŸ‡¬ğŸ‡ªğŸ‡¬ğŸ‡ª Ğ¯ Ğ½Ğ°Ğ´ĞµÑÑÑŒ , Ğ¼Ñ‹ ÑƒĞ²Ğ¸Ğ´Ğ¸Ğ¼ÑÑ Ğ²Ğ½Ğ¾Ğ²ÑŒ â¤ï¸â¤ï¸â¤ï¸ @ Ğ“Ñ€ÑƒĞ·Ğ¸Ñ https://t.co/a5RmZ2YWp4","No","No","No","Yes","ooew29"
"657840089368797184",,,"TbilisiGE","TbilisiGE","en",,,,"41,7218","44,78313",,,,,,,,"24/10/2015 04:44",,"current weather in Tbilisi: partly cloudy, 14Â°C 83% humidity, wind 14km/h, pressure 1018mb steady","No","No","No","No","ooew29"
"657837216094363649",,,"katyahank","katyahank","ru",,,,"41,7167","44,7833",,,,,,,,"24/10/2015 04:33",,"ğŸ‘¥ @ Tbilisi, Georgia https://t.co/NpkU7z0but","No","No","No","Yes","ooew29"
"657836921255661568",,,"Natanelaaa","Natanelaaa","en",,,,"41,68970901","44,81019843",,,,,,,,"24/10/2015 04:31",,"Ğ’Ğ¸Ğ½Ğ½Ñ‹Ğ¹ Ñ€Ğ°Ğ¹ Ğ½Ğ° Ğ·ĞµĞ¼Ğ»Ğµ @ Wine Bar Khareba https://t.co/BclkjT7uIr","No","No","No","Yes","ooew29"
"657824135524012033",,,"ninikochatolani","ninikochatolani","en",,,,"41,5416157","45,0015293",,,,,,,,"24/10/2015 03:41",,"https://t.co/quNRnKeFAN","No","No","Yes","No","ooew29"
"657802603972067328",,,"as_korolev","as_korolev","ru",,,,"41,7167","44,7833",,,,,,,,"24/10/2015 02:15",,"ĞÑƒ Ğ²Ğ¾Ñ‚, Ğ´Ñ€ÑƒĞ·ÑŒÑ, Ğ´Ğ¾Ğ±Ñ€Ğ°Ğ»ÑÑ Ñ Ğ´Ğ¾ ÑÑ‚Ğ¾Ğ»Ğ¸Ñ†Ñ‹ Ğ“Ñ€ÑƒĞ·Ğ¸Ğ¸! ĞšĞ¾Ñ€Ğ¾Ñ‚ĞºĞ¸Ğ¹ ÑĞ¾Ğ½ Ğ¸ ÑĞºĞ¾Ñ€ĞµĞµ Ğ¿Ñ€Ğ¾Ğ´Ğ¾Ğ»Ğ¶Ğ°Ñ‚ÑŒ Ğ¸ÑÑĞ»ĞµĞ´Ğ¾Ğ²Ğ°Ñ‚ÑŒ Ğ³Ğ¾Ñ€Ğ¾Ğ´ (Ğ²â€¦ https://t.co/ZPzqpnR3Bj","No","No","No","Yes","ooew29"
"657801524547080192",,,"DeejForza","DeejForza","en",,,,"41,70161744","44,78718348",,,,,,,,"24/10/2015 02:11",,"Good morning! #Tbilisi #GeorgiaNotAtlanta #travel #adventure #love #autumn @ Betsy's Hotel **** https://t.co/kYjUXFzHDk","No","No","No","Yes","ooew29"
"657798648332492800",,,"TbilisiGE","TbilisiGE","en",,,,"41,7218","44,78313",,,,,,,,"24/10/2015 01:59",,"clear -&gt; partly cloudy","No","No","No","No","ooew29"
"657793758839238656",,,"Dianikoo","Dianikoo","en",,,,"41,73095674","44,71893014",,,,,,,,"24/10/2015 01:40",,"I'm at D&amp;G Sweet Home https://t.co/NPELsrCXVi","No","No","No","No","ooew29"
"657789980794855424",,,"vasasi","vasasi","en",,,,"41,70889828","44,7706894",,,,,,,,"24/10/2015 01:25",,"My English teacher's English sucks. (@ Ilia State University | áƒ˜áƒšáƒ˜áƒáƒ¡ áƒ¡áƒáƒ®áƒ”áƒšáƒ›áƒ¬áƒ˜áƒ¤áƒ áƒ£áƒœáƒ˜áƒ•áƒ”áƒ áƒ¡áƒ˜áƒ¢áƒ”áƒ¢áƒ˜ in Tbilisi) https://t.co/Yut9tiLdLl","No","No","No","No","ooew29"
"657761047886077953",,,"Sorrymcjackson","Sorrymcjackson","en",,,,"41,76411118","44,79886276",,,,,,,,"23/10/2015 23:30",,"BOMBSHELLğŸ’‹ @ Victoria's Secret Angels https://t.co/ejOQnkJ3rx","No","No","No","Yes","ooew29"
"657760013201645568",,,"TbilisiGE","TbilisiGE","en",,,,"41,7218","44,78313",,,,,,,,"23/10/2015 23:26",,"current weather in Tbilisi: clear, 9Â°C 100% humidity, wind 0km/h, pressure 1019mb steady","No","No","No","No","ooew29"
"657759040936812544",,,"TbilisiGE","TbilisiGE","en",,,,"41,7218","44,78313",,,,,,,,"23/10/2015 23:22",,"7:22am: sunrise sunset will be at 6:06pm today's forecast: partly cloudy, 22/12Â°C tomorrow: scattered thunderstorms, 19/12Â°C","No","No","No","No","ooew29"
"657740802215559168",,,"TbilisiGE","TbilisiGE","en",,,,"41,7218","44,78313",,,,,,,,"23/10/2015 22:10",,"partly cloudy -&gt; clear temperature down 11Â°C -&gt; 9Â°C","No","No","No","No","ooew29"
"657725718542032897",,,"HasanYavuz83","HasanYavuz83","tr",,,,"41,8272959","44,8016706",,,,,,,,"23/10/2015 21:10",,"Ã¶zlemisim ğŸ‘Œ","No","No","No","No","ooew29"
"657708884258365440",,,"TbilisiGE","TbilisiGE","en",,,,"41,7218","44,78313",,,,,,,,"23/10/2015 20:03",,"cloudy -&gt; partly cloudy temperature down 13Â°C -&gt; 11Â°C humidity up 93% -&gt; 100% wind 14km/h -&gt; 0km/h","No","No","No","No","ooew29"
"657695555771105280",,,"lemazhikhin","lemazhikhin","ru",,,,"41,83861111","44,73388889",,,,,,,,"23/10/2015 19:10",,"regram eldarmurtazin ĞĞµĞ¼Ğ½Ğ¾Ğ³Ğ¾ Ğ»ĞµÑ‚ Ñ‚Ğ¾Ğ¼Ñƒ Ğ½Ğ°Ğ·Ğ°Ğ´,  Ğ¢Ğ°Ğ¼, Ğ³Ğ´Ğµ, ÑĞ»Ğ¸Ğ²Ğ°ÑÑÑ, ÑˆÑƒĞ¼ÑÑ‚, ĞĞ±Ğ½ÑĞ²ÑˆĞ¸ÑÑŒ, Ğ±ÑƒĞ´Ñ‚Ğ¾ Ğ´Ğ²Ğµâ€¦ https://t.co/zXrlmTebB6","No","No","No","Yes","ooew29"
"657690495016005632",,,"Khatulig","Khatulig","en",,,,"41,66907096","44,6791003",,,,,,,,"23/10/2015 18:50",,"ğŸ”¥ğŸ’› @ áƒ™áƒáƒ¯áƒáƒ áƒ˜ https://t.co/ps7YUaFHPW","No","No","No","Yes","ooew29"
"657684993632694272",,,"pokercm","pokercm","en",,,,"41,7167","44,7833",,,,,,,,"23/10/2015 18:28",,"31 Ğ¾ĞºÑ‚ÑĞ±Ñ€Ñ ğŸƒ ĞšĞ°Ğ½ÑƒĞ½ World Poker Tour! Ğ¡Ğ¾Ğ±Ğ¸Ñ€Ğ°ĞµĞ¼ÑÑ Ğ² Ğ˜ÑÑ‚ĞµÑ€Ğ¸ĞºĞµ! Ğ›ÑƒÑ‡ÑˆĞ¸Ğ¹ ĞºĞ°Ñ€Ğ°Ğ¾ĞºĞµ Ğ±Ğ°Ñ€ Ğ¢Ğ±Ğ¸Ğ»Ğ¸ÑĞ¸â—ï¸#prepartyâ€¦ https://t.co/mb09De04UL","No","No","No","Yes","ooew29"
"657675708207079428",,,"armine_ginosyan","armine_ginosyan","en",,,,"41,70745938","44,78548422",,,,,,,,"23/10/2015 17:51",,"It's a jazz night with Diana Krall ! @ Tbilisi Concert Hall https://t.co/2x2c9NAVUW","No","No","No","Yes","ooew29"
"657671807617671168",,,"KiselevaInna","KiselevaInna","ru",,,,"41,72300103","44,78983535",,,,,,,,"23/10/2015 17:35",,"Ğ’Ğ¿ĞµÑ€Ğ²Ñ‹Ğµ ÑƒĞ²Ğ¸Ğ´ĞµĞ»Ğ¸ Ğ±ĞµĞ»ÑƒÑ ĞºÑƒĞºÑƒÑ€ÑƒĞ·Ñƒ. #Ğ±Ğ°Ğ½Ğ´Ğ°Ğ³Ñ€ÑƒĞ·Ğ¸Ğ¸ @ Tbilisi Boris Paichadzeâ€¦ https://t.co/2Mo15XWnDY","No","No","No","Yes","ooew29"
"657671630924181504",,,"KiselevaInna","KiselevaInna","ru",,,,"41,7167","44,7833",,,,,,,,"23/10/2015 17:35",,"Ğ”ĞµÑ‚ÑÑ‚Ğ²Ğ¾))) #Ğ±Ğ°Ğ½Ğ´Ğ°Ğ³Ñ€ÑƒĞ·Ğ¸Ğ¸ @ Tbilisi, Georgia https://t.co/ozKYcSoiN3","No","No","No","Yes","ooew29"
"657671484987588612",,,"KiselevaInna","KiselevaInna","ru",,,,"41,7167","44,7833",,,,,,,,"23/10/2015 17:34",,"ĞŸÑ€Ğ¾Ñ‰Ğ°ĞµĞ¼ÑÑ Ñ Ğ³Ñ€ÑƒĞ·Ğ¸Ğ½ÑĞºĞ¾Ğ¹ ĞºÑƒÑ…Ğ½ĞµĞ¹. #Ğ±Ğ°Ğ½Ğ´Ğ°Ğ³Ñ€ÑƒĞ·Ğ¸Ğ¸ @ Tbilisi, Georgia https://t.co/wVu7YW8rFx","No","No","No","Yes","ooew29"
"657670560361615360",,,"elaynemacena1","elaynemacena1","pt",,,,"41,72588827","44,77225886",,,,,,,,"23/10/2015 17:30",,"School @ At School https://t.co/3opCRTFirb","No","No","No","Yes","ooew29"
"657667913323847680",,,"KiselevaInna","KiselevaInna","ru",,,,"41,70098734","44,79501111",,,,,,,,"23/10/2015 17:20",,"Ğ’Ğ¾Ñ‚ Ñ‚Ğ°Ğº Ğ¸ Ğ·Ğ°ĞºĞ¾Ğ½Ñ‡Ğ¸Ğ»ÑÑ Ğ½Ğ°Ñˆ Ğ²ĞµÑ‡ĞµÑ€ Ğ² Ğ¢Ğ±Ğ¸Ğ»Ğ¸ÑĞ¸. Ğ’ Ğ³Ğ¾Ñ€Ğ¾Ğ´Ğµ ÑĞ¾Ğ»Ğ½Ñ†Ğ° Ğ¸ Ñ‚ĞµĞ¿Ğ»Ğ°. Ğ˜ Ñâ€¦ https://t.co/0p9L9ZxBJX","No","No","No","Yes","ooew29"
"657660697640177664",,,"Barbarosfasha","Barbarosfasha","en",,,,"41,7118235","44,79564447",,,,,,,,"23/10/2015 16:51",,"#ashura #halal #turkey # @ Denize-Turkish Restaurant https://t.co/HITqTUSiJm","No","No","No","Yes","ooew29"
"657656227078365184",,,"sha1a","sha1a","ru",,,,"41,7167","44,7833",,,,,,,,"23/10/2015 16:33",,"Ğ›Ğ°Ğ´Ğ½Ğ¾, Ğ¿Ğ¾ÑĞ»ĞµĞ´Ğ½ĞµĞµ, ÑĞ°Ğ¼Ğ¾Ğµ Ğ³Ğ»Ğ°Ğ²Ğ½Ğ¾Ğµ ÑĞ»Ğ¾Ğ²Ğ¾ Ğ¾ #Ñ‚Ğ±Ğ¸Ğ»Ğ¸ÑĞ¸ #tbilisi @ Old Tbilisi - Metekhi, Avlabari https://t.co/X8BW5on9R0","No","No","No","Yes","ooew29"
"657653268705734656",,,"Barbarosfasha","Barbarosfasha","en",,,,"41,7118235","44,79564447",,,,,,,,"23/10/2015 16:22",,"#halal #turkey #kebab #ashura #kardeÅŸ # bir dunia markasi ğŸ˜‚ğŸ˜‚ğŸ˜‚ @â€¦ https://t.co/9ECEhkBHXt","No","No","No","Yes","ooew29"
"657652584937889792",,,"TbilisiGE","TbilisiGE","en",,,,"41,7218","44,78313",,,,,,,,"23/10/2015 16:19",,"mostly cloudy -&gt; cloudy temperature down 14Â°C -&gt; 13Â°C humidity up 83% -&gt; 93% wind 21km/h -&gt; 14km/h","No","No","No","No","ooew29"
"657647876651155456",,,"ShannonClagett","ShannonClagett","en",,,,"41,69632427","44,80453134",,,,,,,,"23/10/2015 16:00",,"dailygio sluts @ a bar @ Wall https://t.co/1579CRqVmZ","No","No","No","Yes","ooew29"
"657646774224449536",,,"tmj_ga_usa_jobs","tmj_ga_usa_jobs","en",,,,"41,709981","44,792998",,,,,,,,"23/10/2015 15:56",,"If you're a professional in #Tbilisi, check out this #job: https://t.co/X4z54bLknM #Hiring","No","No","No","No","ooew29"
"657636738735673344",,,"LokeshDhi","LokeshDhi","en",,,,"41,7219433","44,7678378",,,,,,,,"23/10/2015 15:16",,"@SomePillowTalk  True :)","No","No","No","No","ooew29"
"657636704698957824",,,"LokeshDhi","LokeshDhi","en",,,,"41,7219433","44,7678378",,,,,,,,"23/10/2015 15:16",,"@SomePillowTalk Damn True :)","No","No","No","No","ooew29"
"657629432673411074",,,"ninako001","ninako001","ru",,,,"41,72300833","44,78976111",,,,,,,,"23/10/2015 14:47",,"aspriafitness #aspria #aspriafitness #aspriadinamo #fitnessclub #fitness #fit #fitgirls #fitnessgirlsâ€¦ https://t.co/JrU9w45CE4","No","No","No","Yes","ooew29"
"657628352090607616",,,"annieb_fox","annieb_fox","ru",,,,"41,69946127","44,80071447",,,,,,,,"23/10/2015 14:43",,"ğŸ’¡ @ 9 April Park https://t.co/GEHsCsgE7D","No","No","No","Yes","ooew29"
"657626027607367680",,,"SuyeonZa","SuyeonZa","en",,,,"41,84810909","44,71926722",,,,,,,,"23/10/2015 14:33",,"You give orders to the morning,  You show the dawn its place.  Truly Lordâ€¦ https://t.co/ubiscd3QOb","No","No","No","Yes","ooew29"
"657624756410306560",,,"EdibeYusraa","EdibeYusraa","tr",,,,"41,73424159","44,78301755",,,,,,,,"23/10/2015 14:28",,"Åu sÄ±ralar Ã§ok bÃ¼yÃ¼k oynuyorum ğŸ˜‚ğŸ˜‚ #MovieNight ğŸ˜‚ğŸ˜„ğŸ˜ğŸ˜ğŸ˜› @ Tsereteli Ave. https://t.co/8S7bu9bTEf","No","No","No","Yes","ooew29"
"657618307701342208",,,"Beth_Pizza_Life","Beth_Pizza_Life","en",,,,"41,6989","44,7981",,,,,,,,"23/10/2015 14:03",,"Still can't believe that I met nashgrier â¤ï¸â¤ï¸ @ Tbilisi Marriott Hotel https://t.co/y5PRoMMdKj","No","No","No","Yes","ooew29"
"657615595790323712",,,"Tabsu","Tabsu","en",,,,"41,72213139","44,76897601",,,,,,,,"23/10/2015 13:52",,"#NutsisMom #NutsiOne #MatchyMatchy #ArmCandy ğŸ­ğŸ¬ @ Tsintsadze St. https://t.co/bOc1VtqfHu","No","No","No","Yes","ooew29"
"657612445460987904",,,"sha1a","sha1a","ru",,,,"41,70135734","44,80324346",,,,,,,,"23/10/2015 13:39",,"ĞšĞ¾Ğ¼Ñƒ Ğ³Ğ¸Ğ¿ÑĞ¾Ğ²Ğ¾Ğ³Ğ¾ ÑÑ‚Ğ°Ğ»Ğ¸Ğ½Ğ° Ğ·Ğ° 300 Ğ»Ğ°Ñ€ #Ñ‚Ğ±Ğ¸Ğ»Ğ¸ÑĞ¸ #tbilisi #georgia #Ğ³Ñ€ÑƒĞ·Ğ¸Ñ @ Dry Bridge https://t.co/VsoFvlhOr0","No","No","No","Yes","ooew29"
"657610170093039616",,,"joshlipek","joshlipek","en",,,,"41,66977","44,96497",,,,,,,,"23/10/2015 13:30",,"At @atudutyfree â€” https://t.co/5hbzVdvsBW","No","No","No","No","ooew29"
"657607319962816512",,,"fbc_intl","fbc_intl","en",,,,"41,69196044","44,8013287",,,,,,,,"23/10/2015 13:19",,"Same old, same old... #tbilisilovesyou &lt;3 #Georgia @ People's : Bar &amp; Restaurant https://t.co/edcO2hgGHg","No","No","No","Yes","ooew29"
"657604961623277568",,,"TbilisiGE","TbilisiGE","en",,,,"41,7218","44,78313",,,,,,,,"23/10/2015 13:10",,"temperature down 17Â°C -&gt; 14Â°C humidity up 67% -&gt; 83% wind 26km/h -&gt; 21km/h","No","No","No","No","ooew29"
"657603339849461761",,,"fadlpala","fadlpala","tr",,,,"41,7167","44,7833",,,,,,,,"23/10/2015 13:03",,"Afyondan #otobÃ¼s  #tren #otostop ile #batum #tiflisi ten karadenizden otostop ile tekrar afyon daâ€¦ https://t.co/8HRAot42ex","No","No","No","Yes","ooew29"
"657601675272675328",,,"killia7sas","killia7sas","en",,,,"41,7167","44,7833",,,,,,,,"23/10/2015 12:57",," Ø£ØµØ¹Ø¨ Ø´ÙŠ Ø¨Ø§Ù„Ø­ÙŠØ§Ø© Ø§Ù† ØªØ¬Ø¯ Ù†ÙØ³Ùƒ Ù…Ø±ØºÙ…Ø§ Ø¹Ù„Ù‰ ØªØ¬Ø§Ù‡Ù„ Ø£Ø´Ø®Ø§Øµ ÙƒØ§Ù†ÙˆØ§ ÙŠÙˆÙ… Ù…Ù†â€¦ https://t.co/3YxAInjmio","No","No","No","Yes","ooew29"
"657601122442416128",,,"niiIINnoO","niiIINnoO","en",,,,"41,71696527","44,77272842",,,,,,,,"23/10/2015 12:54",,"ğŸ”®ğŸ”®ğŸ”® @ Dolidze Str. https://t.co/gJLD8ggUNq","No","No","No","Yes","ooew29"
"657597095680024576",,,"Dianikoo","Dianikoo","en",,,,"41,69329603","44,80155945",,,,,,,,"23/10/2015 12:38",,"I'm at Tbilisi | áƒ—áƒ‘áƒ˜áƒšáƒ˜áƒ¡áƒ˜ in Tbilisi https://t.co/OGVfrLgJ8u","No","No","No","No","ooew29"
"657594813685084160",,,"Dianikoo","Dianikoo","en",,,,"41,70310657","44,79354143",,,,,,,,"23/10/2015 12:29",,"I'm at Wendy's | áƒ•áƒ”áƒœáƒ“áƒ˜'áƒ¡ - @wendysgeorgia in Tbilisi https://t.co/WIpeHQrLHz","No","No","No","No","ooew29"
"657591604127993857",,,"jujka57","jujka57","en",,,,"41,73424159","44,78301755",,,,,,,,"23/10/2015 12:17",,"My girls â¤â¤ p.s Ani was eating tea ğŸ˜‚ğŸ˜‚ğŸ˜‚ #friends #â¤ @ Tsereteli Ave. https://t.co/H5xWxIoYrW","No","No","No","Yes","ooew29"
"657580422486880256",,,"Beth_Pizza_Life","Beth_Pizza_Life","en",,,,"41,70914683","44,77472463",,,,,,,,"23/10/2015 11:32",,"Just got @zozeebo's book Girl Online in Georgian languageâ¤ï¸ @ Biblus Gallery https://t.co/ijdE1xGNmi","No","No","No","Yes","ooew29"
"657576204271251456",,,"maikosv","maikosv","en",,,,"41,6975641","44,7996282",,,,,,,,"23/10/2015 11:15",,"Waiting for #Caesar at #SakhachapureN1","No","No","No","No","ooew29"
"657570739902615552",,,"EdibeYusraa","EdibeYusraa","tr",,,,"41,72765573","44,78806257",,,,,,,,"23/10/2015 10:54",,"I'm at McDonald's | áƒ›áƒáƒ™áƒ“áƒáƒœáƒáƒšáƒ“áƒ¡áƒ˜ in Tbilisi https://t.co/M4ta418TOa","No","No","No","No","ooew29"
"657569503509803009",,,"KetevanK","KetevanK","en",,,,"41,72455512","44,7626102",,,,,,,,"23/10/2015 10:49",,"#selfie #katie #blablabla #waiting @ Mickevichi https://t.co/X0qHPP3cnl","No","No","No","Yes","ooew29"
"657567258848301056",,,"mactuscraig","mactuscraig","en",,,,"41,7167","44,7833",,,,,,,,"23/10/2015 10:40",,"Faith... must be enforced by reason... when faith becomes blind it dies. - Mahatmaâ€¦ https://t.co/KZyL5WX26i","No","No","No","Yes","ooew29"
"657562342205628417",,,"TbilisiGE","TbilisiGE","en",,,,"41,7218","44,78313",,,,,,,,"23/10/2015 10:20",,"current weather in Tbilisi: mostly cloudy, 17Â°C 67% humidity, wind 26km/h, pressure 1018mb steady","No","No","No","No","ooew29"
"657561789547311104",,,"TbilisiGE","TbilisiGE","en",,,,"41,7218","44,78313",,,,,,,,"23/10/2015 10:18",,"6:09pm: sunset tomorrow's forecast for Tbilisi: partly cloudy, 21/12Â°C","No","No","No","No","ooew29"
"657554052604035072",,,"sha1a","sha1a","ru",,,,"41,72300833","44,78976111",,,,,,,,"23/10/2015 09:47",,"ĞĞ¿ÑÑ‚ÑŒ #Ğ”Ğ¸Ğ½Ğ°Ğ¼Ğ¾ Ğ­Ñ‚Ğ¸ Ñ…Ğ¾Ñ‚ÑŒ Ğ¼Ğ¾Ğ»Ğ¾Ğ´Ñ†Ñ‹ - Ğ¿Ñ€Ğ¾Ğ°Ğ¿Ğ³Ñ€ĞµĞ¹Ğ´ĞµĞ»Ğ¸ ÑÑ‚Ğ°Ğ½Ğ´Ğ°Ñ€Ñ‚Ğ½ÑƒÑ Ğ»Ğ¸Ñ‚ĞµÑ€Ñƒ. #groundhopping #ÑÑ‚Ğ°Ğ´Ğ¸Ğ¾Ğ½Ğ¿Ñ€Ğ¾Ğ±Ğ¸Ñ‚â€¦ https://t.co/EhzX7lhB9e","No","No","No","Yes","ooew29"
"657551503855636480",,,"MissCatalan","MissCatalan","en",,,,"41,72281761","44,77322141",,,,,,,,"23/10/2015 09:37",,"nashgrier thinks temo is prettier than @camerondallas ğŸ˜‚ğŸ˜‚ğŸ˜‚ lol #nashgrier #camerondallas #lol @ Pekiniâ€¦ https://t.co/wcmgGqs8cH","No","No","No","Yes","ooew29"
"657550775384743940",,,"mta3b_s7","mta3b_s7","ar",,,,"41,69056292","44,80841301",,,,,,,,"23/10/2015 09:34",,"Ø¬ÙˆØ±Ø¬ÙŠØ§ Ù‡Ø°Ø§ Ø§Ù„ÙŠÙˆÙ… #Ù…ØºÙŠØ¶Ù‡ @ Shardeni Street https://t.co/c7NnCvQaH1","No","No","No","Yes","ooew29"
"657543075271606276",,,"Keti_Nebieridze","Keti_Nebieridze","en",,,,"41,79731383","44,77463937",,,,,,,,"23/10/2015 09:04",,"ğŸ˜‚âœ¨âœ¨â¤ï¸ @ IBSU https://t.co/615Nln9PyH","No","No","No","Yes","ooew29"
"657536817491644416",,,"KolkhiTamari","KolkhiTamari","en",,,,"41,70862988","44,7768267",,,,,,,,"23/10/2015 08:39",,"áƒ›áƒáƒ áƒ˜áƒ¨áƒ™áƒ áƒáƒ˜áƒªáƒ”áƒ áƒ˜áƒáƒ¨áƒ˜. áƒ‘áƒáƒ‘áƒáƒ¥áƒ áƒáƒ‘áƒ¡ áƒ áƒáƒœáƒáƒ˜áƒ áƒ˜ áƒáƒ˜áƒªáƒ áƒ áƒáƒ˜áƒ¡ áƒ”áƒ¡áƒáƒ ğŸŸğŸ•ğŸ˜¡ @ Pizza &amp; Pasta Fantastico https://t.co/14HYRScBu0","No","No","No","Yes","ooew29"
"657535786817101824",,,"TbilisiGE","TbilisiGE","en",,,,"41,7218","44,78313",,,,,,,,"23/10/2015 08:35",,"cloudy -&gt; mostly cloudy temperature up 15Â°C -&gt; 17Â°C humidity down 88% -&gt; 67% wind 11km/h -&gt; 26km/h","No","No","No","No","ooew29"
"657535693980332032",,,"ann_moska","ann_moska","en",,,,"41,70768173","44,74026012",,,,,,,,"23/10/2015 08:35",,"ğŸ˜áƒáƒ˜áƒ áƒ•áƒ”áƒšáƒ˜ áƒ™áƒáƒ áƒ¢áƒáƒ¤áƒ˜áƒšáƒ˜áƒ¡ áƒ¦áƒ•áƒ”áƒ–áƒ”áƒšáƒ˜ áƒ“áƒ áƒ’áƒáƒ›áƒáƒ›áƒªáƒ®áƒ•áƒáƒ áƒ™áƒ )))) áƒ˜áƒ’áƒ˜áƒ•áƒ” áƒ–áƒáƒáƒ˜áƒ™áƒáƒœáƒ™áƒ @ Bagebi City https://t.co/v3cQgB6nrq","No","No","No","Yes","ooew29"
"657526699433840640",,,"saglianis","saglianis","en",,,,"41,69940643","44,80074843",,,,,,,,"23/10/2015 07:59",,"#selfie #retrica #instasize #bestfirend â¤ï¸ğŸ’–ğŸ˜ğŸ˜„ğŸ˜’ğŸ˜±ğŸ˜˜ğŸ˜‡ğŸ™ˆğŸ˜ğŸ˜ @ Aleqsandrovis Bagi https://t.co/nTzm5lTIJ8","No","No","No","Yes","ooew29"
"657517226283565056",,,"28_Goodling","28_Goodling","en",,,,"41,768014","44,77651894",,,,,,,,"23/10/2015 07:21",,"This is the day the lord has made; We will rejoice and be glad in it.â€¦ https://t.co/EF3xs3ypCW","No","No","No","Yes","ooew29"
"657514569632366592",,,"dzohn98","dzohn98","ru",,,,"41,72647374","44,75802057",,,,,,,,"23/10/2015 07:11",,"Just posted a photo @ Nicotine https://t.co/om9symq8v0","No","No","No","Yes","ooew29"
"657506600245063680",,,"Quanlida","Quanlida","ru",,,,"41,69002529","44,80878965",,,,,,,,"23/10/2015 06:39",,"Just posted a photo @ Old Tbilisi https://t.co/b2eaChRfZM","No","No","No","Yes","ooew29"
"657503653167628288",,,"kaukasusreisen","kaukasusreisen","en",,,,"41,7167","44,7833",,,,,,,,"23/10/2015 06:27",,"#art #world #painting #map Hans Heiner Buhr @ Tbilisi, Georgia https://t.co/HMH9FYguvG","No","No","No","Yes","ooew29"
"657503098735230976",,,"Grainees","Grainees","en",,,,"41,7903","44,0975",,,,,,,,"23/10/2015 06:25",,". ØªØ·Ø±ÙŠ Ù…Ø¹ Ø§Ù„Ø³Ø¬Ú¾Ù‡ Ù‡ÙˆØ§Ø¬ÙŠØ³ ÙˆØ¹Ù„ÙˆÙ…  ÙˆØ§Ù†Ø§ ï»£Ù† Ø§Ù„Ú¾Ø§Ø¬ÙˆØ³ Ù…Ø§Ù†ÙŠ Ø¨Ø®Ø§Ù„ÙŠâ€¦ https://t.co/zeCamlrOSr","No","No","No","Yes","ooew29"
"657501470116466688",,,"MARK_DOVGAN","MARK_DOVGAN","en",,,,"41,84810909","44,71926722",,,,,,,,"23/10/2015 06:19",,"ĞŸÑ€Ğ¸Ñ†ĞµĞ» @ Gujari, Mtskheta https://t.co/wiRtseHcuN","No","No","No","Yes","ooew29"
"657499584474783744",,,"cneyt_gul","cneyt_gul","tr",,,,"41,699641","44,797016",,,,,,,,"23/10/2015 06:11",,"I'm at Rustaveli Avenue | áƒ áƒ£áƒ¡áƒ—áƒáƒ•áƒ”áƒšáƒ˜áƒ¡ áƒ’áƒáƒ›áƒ–áƒ˜áƒ áƒ˜ in Tbilisi https://t.co/s6zwSZUhq0","No","No","No","No","ooew29"
"657492795335176192",,,"Oscar_lasuma","Oscar_lasuma","es",,,,"41,6990441","44,80646219",,,,,,,,"23/10/2015 05:44",,"#tblisi #Georgia @ Public Service Hall / áƒ˜áƒ£áƒ¡áƒ¢áƒ˜áƒªáƒ˜áƒ˜áƒ¡ áƒ¡áƒáƒ®áƒšáƒ˜ https://t.co/Jmk9TewfAK","No","No","No","Yes","ooew29"
"657491803961061376",,,"Oscar_lasuma","Oscar_lasuma","es",,,,"41,69002529","44,80878965",,,,,,,,"23/10/2015 05:40",,"#tblisi #Georgia @ Old Tbilisi https://t.co/ZRcwY9rnI6","No","No","No","Yes","ooew29"
"657491422682218496",,,"LokeshDhi","LokeshDhi","en",,,,"41,6881","44,82912",,,,,,,,"23/10/2015 05:39",,"@ishanrustagi Hi Ishan. I am coming to India next month.. Lets meet up somewhere in Gurgaon Delhi or Chandigarh, will stay ğŸ˜‰ one week there.","No","No","No","No","ooew29"
"657477713561821184",,,"TbilisiGE","TbilisiGE","en",,,,"41,7218","44,78313",,,,,,,,"23/10/2015 04:44",,"current weather in Tbilisi: cloudy, 15Â°C 88% humidity, wind 11km/h, visibility 4km, pressure 1020mb steady","No","No","No","No","ooew29"
"657466524530290688",,,"ibdgs","ibdgs","tr",,,,"41,72633986","44,75359424",,,,,,,,"23/10/2015 04:00",,"I'm at Tbilisi State Medical University | áƒ—áƒ‘áƒ˜áƒšáƒ˜áƒ¡áƒ˜áƒ¡ áƒ¡áƒáƒ®áƒ”áƒšáƒ›áƒ¬áƒ˜áƒ¤áƒ áƒ¡áƒáƒ›áƒ”áƒ“áƒ˜áƒªáƒ˜áƒœáƒ áƒ£áƒœáƒ˜áƒ•áƒ”áƒ áƒ¡áƒ˜áƒ¢áƒ”áƒ¢áƒ˜ in Tbilisi https://t.co/c1WDr9bX86","No","No","No","No","ooew29"
"657464979155619840",,,"ShannonClagett","ShannonClagett","en",,,,"41,69056292","44,80841301",,,,,,,,"23/10/2015 03:54",,"Yep she's a keeper @ Shardeni Street https://t.co/pq0Q9D0Nps","No","No","No","Yes","ooew29"
"657449514005958656",,,"ShannonClagett","ShannonClagett","en",,,,"41,69056292","44,80841301",,,,,,,,"23/10/2015 02:52",,"@ Karaoke like ğŸ’ @ Shardeni Street https://t.co/OSU9nZa1DS","No","No","No","Yes","ooew29"
"657447171269218304",,,"vasasi","vasasi","en",,,,"41,690546","44,799409",,,,,,,,"23/10/2015 02:43",,"I'm at Georgian Association of Regional Broadcasters (GARB) https://t.co/VJ2qhGbkkQ","No","No","No","No","ooew29"
"657447001550753792",,,"AnnyGurashvili","AnnyGurashvili","en",,,,"41,72014993","44,71121192",,,,,,,,"23/10/2015 02:42",,"MorningğŸ’“ @ áƒ™áƒáƒ•áƒ™áƒáƒ¡áƒ˜áƒ˜áƒ¡ áƒ£áƒœáƒ˜áƒ•áƒ”áƒ áƒ¡áƒ˜áƒ¢áƒ”áƒ¢áƒ˜/Caucasus University https://t.co/MCQXUHaxkW","No","No","No","Yes","ooew29"
"657445349225840640",,,"Dianikoo","Dianikoo","en",,,,"41,71139737","44,7573346",,,,,,,,"23/10/2015 02:36",,"I'm at Dunkin' Donuts | áƒ“áƒáƒœáƒ™áƒ˜áƒœ' áƒ“áƒáƒœáƒáƒ¢áƒ¡áƒ˜ in Tbilisi https://t.co/IRJ4z7jCcU","No","No","No","No","ooew29"
"657397058253561856",,,"TbilisiGE","TbilisiGE","en",,,,"41,7218","44,78313",,,,,,,,"22/10/2015 23:24",,"current weather in Tbilisi: cloudy, 13Â°C 96% humidity, wind 0km/h, pressure 1020mb steady","No","No","No","No","ooew29"
"657396164694777856",,,"TbilisiGE","TbilisiGE","en",,,,"41,7218","44,78313",,,,,,,,"22/10/2015 23:20",,"7:20am: sunrise sunset will be at 6:09pm today's forecast: partly cloudy, 18/9Â°C tomorrow: partly cloudy, 21/12Â°C","No","No","No","No","ooew29"
"657394405448413184",,,"orinjuice","orinjuice","en",,,,"41,7167","44,7833",,,,,,,,"22/10/2015 23:13",,"A mix of the old and the new â€“ this is the view from outside my balcony. It's a nice, cold morningâ€¦ https://t.co/knZtOzpbm6","No","No","No","Yes","ooew29"
"657361274859294720",,,"28_Goodling","28_Goodling","en",,,,"41,768014","44,77651894",,,,,,,,"22/10/2015 21:01",,"more than just a game ğŸ‘¤ @ Night Show Studio https://t.co/iyVBcOoqKV","No","Yes","No","No","ooew29"
"657343543426576384",,,"Saloukimch","Saloukimch","en",,,,"41,80640738","44,83805165",,,,,,,,"22/10/2015 19:51",,"#summer #batumi #black #sea #beach https://t.co/GTuodGtlp1","No","No","Yes","No","ooew29"
"657333789203570689",,,"maaaaaorama","maaaaaorama","ru",,,,"41,73528","44,7230103",,,,,,,,"22/10/2015 19:12",,"ĞŸÑ€Ğ¾Ğ´Ğ¾Ğ»Ğ¶Ğ°ĞµĞ¼. Ğ¡Ñ‚Ğ°Ğ²ĞºĞ¸ Ğ¿Ğ¾Ğ²Ñ‹ÑˆĞ°ÑÑ‚ÑÑ. @ Nutsubidze Plateau 4 Micro District https://t.co/yNVnhWnbxN","No","No","No","Yes","ooew29"
"657333484642529281",,,"maaaaaorama","maaaaaorama","ru",,,,"41,73528","44,7230103",,,,,,,,"22/10/2015 19:11",,"Ğ Ñƒ Ğ½Ğ°Ñ Ğ½Ğ¾Ñ‡Ğ½Ğ¾Ğ¹ Ğ°ÑƒĞºÑ†Ğ¸Ğ¾Ğ½. Ğ—Ğ° ÑÑ‚Ñƒ Ñ€Ğ°Ğ±Ğ¾Ñ‚Ğ° Ğ¼Ğ°ĞºÑĞ¸Ğ¼Ğ°Ğ»ÑŒĞ½Ğ°Ñ ÑÑ‚Ğ°Ğ²ĞºĞ° Ğ¿Ğ¾ĞºĞ° 15 Ğ»Ğ°Ñ€Ğ¸... @ Nutsubidze Plateau 4â€¦ https://t.co/rvRxdXvplI","No","No","No","Yes","ooew29"
"657333136741769217",,,"KarenSmithFL1","KarenSmithFL1","en",,,,"41,721802","44,783131",,,,,,,,"22/10/2015 19:10",,"@Lawdco #Gadgets, #Scripts and #Sourcecode are copied and stolen! but #impossible toÂ  #copy EnLawded https://t.co/OvAaJvnVr4","No","No","No","No","ooew29"
"657332427443019776",,,"KarenSmithFL1","KarenSmithFL1","en",,,,"41,721802","44,783131",,,,,,,,"22/10/2015 19:07",,"Ğ±Ğ¾Ğ»ÑŒÑˆĞ¾Ğ¹ ÑÑ‚Ğ¸Ğ»ÑŒ #adidas #cameroon #jacket #EnLawded #latestnews https://t.co/fviLopaJK0","No","No","No","No","ooew29"
"657331784917602304",,,"KarenSmithFL1","KarenSmithFL1","en",,,,"41,721802","44,783131",,,,,,,,"22/10/2015 19:04",,"@Lawdco The Adidas Originals #Green military Camo track top https://t.co/9TQmK5fQHK","No","No","No","No","ooew29"
"657316309051547650",,,"brsarat","brsarat","tr",,,,"41,74728612","44,79452625",,,,,,,,"22/10/2015 18:03",,"Uyku moduna geÃ§elim yavaÅŸtan (@ dadiani '' Malikanemiz in Tbilisi) https://t.co/9SQEf3gAL8","No","No","No","No","ooew29"
"657305014889807872",,,"alMedaad","alMedaad","en",,,,"41,7167","44,7833",,,,,,,,"22/10/2015 17:18",,"Whatever purifies you, is the correct road, I will try not to define it.  #whaterver_you @ Tbilisi,â€¦ https://t.co/AEyMBy2BYe","No","No","No","Yes","ooew29"
"657304875869544448",,,"maaaaaorama","maaaaaorama","ru",,,,"41,69077719","44,80858032",,,,,,,,"22/10/2015 17:17",,"!!! @ El Centro https://t.co/GEUo3S3PFZ","No","No","No","Yes","ooew29"
"657304421085392897",,,"maaaaaorama","maaaaaorama","ru",,,,"41,69077719","44,80858032",,,,,,,,"22/10/2015 17:16",,"!!! @ El Centro https://t.co/YDrvmPKwNr","No","No","No","Yes","ooew29"
"657304366790131712",,,"TbilisiGE","TbilisiGE","en",,,,"41,7218","44,78313",,,,,,,,"22/10/2015 17:15",,"temperature down 16Â°C -&gt; 14Â°C humidity up 82% -&gt; 90%","No","No","No","No","ooew29"
"657303108121333760",,,"miyat28","miyat28","en",,,,"41,68990063","44,80911312",,,,,,,,"22/10/2015 17:10",,"ğŸ‡¬ğŸ‡ª street food. Pork shashlik! Not over you yet. #georgiahangoverâ€¦ https://t.co/aWlsaSJ24l","No","No","No","Yes","ooew29"
"657300184544727044",,,"Grainees","Grainees","en",,,,"41,68992549","44,80912214",,,,,,,,"22/10/2015 16:59",,"The best (@ Samikitno/Machakhela | áƒ¡áƒáƒ›áƒ˜áƒ™áƒ˜áƒ¢áƒœáƒ/áƒ›áƒáƒ­áƒáƒ®áƒ”áƒšáƒ in Tbilisi) https://t.co/l8gxTZdW11","No","No","No","No","ooew29"
"657294361609285632",,,"MissCatalan","MissCatalan","en",,,,"41,72276197","44,77319007",,,,,,,,"22/10/2015 16:36",,"#Snapchat ananomachavaria @ Pekini Street https://t.co/Tpm7LQFJqv","No","No","No","Yes","ooew29"
"657291126529900544",,,"alshandood","alshandood","ar",,,,"41,7167","44,7833",,,,,,,,"22/10/2015 16:23",,"ïº‚ï»Ÿï»—ï»ŸØ¨ ØµØ¢ï»“ÙŠ Û†ïº‚ï»Ÿï»§Û†ïº‚ÙŠØ§ ïº—Û†Ø¯ï¯¾Ù‡Ú¾Ù“       ï»‹ï»ŸÙ‰ Ø¯Ø±Û†Ø¨ ïº‚ï»Ÿï»ƒï¯¾Ø¨ Û†ïº‚ï»ŸØ±Ø¨ Ø´Ø§Ú¾Ù“Ø¯   Û†ïº‚ï»Ÿï»ŸÙŠ ï»§ïº³Ø¢ï»§ÙŠ ï¯¾Ø±ïº£Ù… ïº‚ï»Ÿï»ŸÚ¾Ù“ï®§ ï»ŸÙŠØ§ï»Ÿï¯¾Ú¾Ù“â€¦ https://t.co/JxB8hiQY70","No","No","No","Yes","ooew29"
"657290041517936640",,,"Oscar_lasuma","Oscar_lasuma","es",,,,"41,7167","44,7833",,,,,,,,"22/10/2015 16:18",,"#Beer #Georgia #Zedazeni #tblisi @ Tbilisi, Georgia https://t.co/3sjk3PwPTF","No","No","No","Yes","ooew29"
"657279365177344000",,,"SuyeonZa","SuyeonZa","en",,,,"41,68992764","44,80914464",,,,,,,,"22/10/2015 15:36",,"Kakaiba sa Georgia! buhay ang prutas! ğŸ˜‚ğŸ˜‚ğŸ˜‚ jmsaclolo aidaalcantara22 @â€¦ https://t.co/BuYESpgZuh","No","No","No","Yes","ooew29"
"657278159860043777",,,"Khatulig","Khatulig","en",,,,"41,69488061","44,7867685",,,,,,,,"22/10/2015 15:31",,"ğŸ‘¯ğŸŒƒ #ootd #throwbackthursday #tbt #throwback @ Mtatsminda https://t.co/sbGJDw2mwX","No","No","No","Yes","ooew29"
"657277710637531137",,,"Grainees","Grainees","en",,,,"41,7167","44,7833",,,,,,,,"22/10/2015 15:29",,". Ø±Ø¬Ù„Ùƒ Ø§Ù„Ù‰ Ø¶Ø§Ù‚Øª Ù„ÙŠØ§Ù„ÙŠÙƒ Ø³Ø¬Ù‡Ø§ Ø¹Ø³Ù‰ ØªÙˆØ§Ù„ÙŠÙ‡Ø§ ØªØ¨Ø´Ø±  Ø¨Ø§Ù„Ø§ÙØ±Ø§Ø¬   Ø§Ù„Ù„Ù‡ Ø®Ù„Ù‚ Ø¯Ù†ÙŠØ§â€¦ https://t.co/Jfqv8gy0iP","No","No","No","Yes","ooew29"
"657277279458996225",,,"KiselevaInna","KiselevaInna","ru",,,,"41,84175343","44,72075661",,,,,,,,"22/10/2015 15:28",,"ĞĞ¾Ñ‡Ğ½Ğ°Ñ ĞœÑ†Ñ…ĞµÑ‚Ğ°. #Ğ±Ğ°Ğ½Ğ´Ğ°Ğ³Ñ€ÑƒĞ·Ğ¸Ğ¸ @ Mcxeta City https://t.co/DjAGSoYJEz","No","No","No","Yes","ooew29"
"657270025787719680",,,"LokeshDhi","LokeshDhi","en",,,,"41,7221289","44,76763",,,,,,,,"22/10/2015 14:59",,"@iammamta29 ğŸ˜œğŸ˜ğŸ™†","No","No","No","No","ooew29"
"657265473017520128",,,"LokeshDhi","LokeshDhi","en",,,,"41,72205","44,76785",,,,,,,,"22/10/2015 14:41",,"@TheSickDrawings Hotel building in #Ureki #Georgia https://t.co/qwOcCWcav5","No","No","Yes","No","ooew29"
"657264801584955392",,,"JohnnyPub","JohnnyPub","ru",,,,"41,7218343","44,76877213",,,,,,,,"22/10/2015 14:38",,"I'm at Warsteiner Bier Restaurant Tbilisi | áƒ•áƒáƒ áƒ¨áƒ¢áƒáƒ˜áƒœáƒ”áƒ áƒ˜ in Tbilisi, K'alak'i T'bilisi w/ @elliomagic https://t.co/jW9XCLVLpo","No","No","No","No","ooew29"
"657263883141312512",,,"niiIINnoO","niiIINnoO","en",,,,"41,71696527","44,77272842",,,,,,,,"22/10/2015 14:34",,"#tictac  #cherry #passion #CherryPassion ğŸ’ğŸ’ğŸ’ğŸ’ @ Dolidze Str. https://t.co/0A4L2i1F28","No","No","No","Yes","ooew29"
"657259493722558464",,,"SquashMad_","SquashMad_","en",,,,"41,6934","44,8015",,,,,,,,"22/10/2015 14:17",,"Take me back. @ Freedom Square, Tbilisi https://t.co/XxdZbQuJWZ","No","No","No","Yes","ooew29"
"657250997903990788",,,"TbilisiGE","TbilisiGE","en",,,,"41,7218","44,78313",,,,,,,,"22/10/2015 13:43",,"temperature down 17Â°C -&gt; 16Â°C humidity up 71% -&gt; 82% wind 14km/h -&gt; 11km/h","No","No","No","No","ooew29"
"657249661200285696",,,"nathypeccin","nathypeccin","pt",,,,"41,72588827","44,77225886",,,,,,,,"22/10/2015 13:38",,"Daquelas que deixa a sua vida mais bonita. ğŸŒ¸ Eu te amo â¤ @ At School https://t.co/RtTGizy5iD","No","No","No","Yes","ooew29"
"657249659564498945",,,"sergey_kot85","sergey_kot85","ru",,,,"41,7623339","44,7750017",,,,,,,,"22/10/2015 13:38",,"ĞœĞµĞ½ÑŒÑˆĞµ Ğ´Ñ€ÑƒĞ·ĞµĞ¹ Ğ¸ Ğ²ÑĞµ Ğ±Ğ¾Ğ»ÑŒÑˆĞµ Ğ·Ğ½Ğ°ĞºĞ¾Ğ¼Ñ‹Ñ…...","No","No","No","No","ooew29"
"657245773109809152",,,"kubrabagcc","kubrabagcc","tr",,,,"41,72079507","44,77560963",,,,,,,,"22/10/2015 13:22",,"I'm at Luca Polare | áƒšáƒ£áƒ™áƒ áƒáƒáƒšáƒáƒ áƒ” in Tbilisi https://t.co/pO7xv5NYzf","No","Yes","No","No","ooew29"
"657245018223022080",,,"vuyoztweets","vuyoztweets","en",,,,"41,7167","44,7833",,,,,,,,"22/10/2015 13:19",,"this infographic is pretty insane ... @ Tbilisi, Georgia https://t.co/HNHjd9xn6y","No","No","No","Yes","ooew29"
"657244192645648384",,,"BELO313","BELO313","en",,,,"41,72413844","44,77009791",,,,,,,,"22/10/2015 13:16",,"Just posted a photo @ Yazbegi https://t.co/RHUd2zRrjN","No","No","No","Yes","ooew29"
"657243208670433280",,,"Dianikoo","Dianikoo","en",,,,"41,70350574","44,78990257",,,,,,,,"22/10/2015 13:12",,"I'm at McDonald's | áƒ›áƒáƒ™áƒ“áƒáƒœáƒáƒšáƒ“áƒ¡áƒ˜ in Tbilisi https://t.co/sVWYlLmQ3Q","No","No","No","No","ooew29"
"657242807862603776",,,"killia7sas","killia7sas","en",,,,"41,7167","44,7833",,,,,,,,"22/10/2015 13:11",,"'  ÙŠØ³Ø¹Ø¯ Ù…Ø³Ø§Ø¡ Ø§Ù„Ù„ÙŠ Ù„ÙŠØ§ Ù‚Ù„Øª ÙˆÙŠÙ†Ùƒ ØºÙ…Ø¶ Ø¹ÙŠÙˆÙ†Ù‡ Ø«Ù… Ø£Ø´Ø± ØŒ Ù‡Ù†ÙŠØ§  ÙŠÙ‚ÙˆÙ„ Ø´ÙÙ†ÙŠ Ø¨ÙŠÙ†â€¦ https://t.co/CqV0vXoaUg","No","No","No","Yes","ooew29"
"657235317246828544",,,"malaidea","malaidea","en",,,,"41,7167","44,7833",,,,,,,,"22/10/2015 12:41",,"#georgia doesn't bother with the #floor @ Tbilisi, Georgia https://t.co/md22UZtwIp","No","No","No","Yes","ooew29"
"657229991831322624",,,"Map_Game","Map_Game","en",,,,"41,71","44,793",,,,,,,,"22/10/2015 12:20",,"Travelling to Tbilisi or just twittering about Tbilisi? https://t.co/xUYbqrJudZ #Tbilisi","No","No","No","No","ooew29"
"657228725449269248",,,"Map_Game","Map_Game","en",,,,"41,71","44,793",,,,,,,,"22/10/2015 12:15",,"Where is Tbilisi on the map? Play the game at https://t.co/xUYbqrJudZ #Tbilisi","No","No","No","No","ooew29"
"657228486466138113",,,"TasteGeorgia","TasteGeorgia","en",,,,"41,7167","44,7833",,,,,,,,"22/10/2015 12:14",,"Churchkhela is a traditional sausageâ€‘shaped candy originating from Georgia. The main ingredients areâ€¦ https://t.co/UsjKCMlOs4","No","No","No","Yes","ooew29"
"657220487655923713",,,"Klimtely","Klimtely","en",,,,"41,70923855","44,77081552",,,,,,,,"22/10/2015 11:42",,"#vintage #vintagebag #bag #floral @ áƒ¬áƒ˜áƒ’áƒœáƒ˜áƒ¡ áƒ¡áƒáƒ®áƒšáƒ˜ áƒšáƒ˜áƒ’áƒáƒ›áƒ£áƒ¡áƒ˜ / Book House Ligamus https://t.co/1g8yEiRhP3","No","No","No","Yes","ooew29"
"657218446313263109",,,"Klimtely","Klimtely","en",,,,"41,70454094","44,79125673",,,,,,,,"22/10/2015 11:34",,"#althaus #teapot #tea #teahouse #vintage #colorful @ Althaus https://t.co/uMiFHPr26n","No","No","No","Yes","ooew29"
"657214788444037120",,,"Grainees","Grainees","en",,,,"41,69206217","44,80645061",,,,,,,,"22/10/2015 11:19",,"Delicious (@ Luca Polare | áƒšáƒ£áƒ™áƒ áƒáƒáƒšáƒáƒ áƒ” in Tbilisi) https://t.co/VH9CI4zsak","No","No","No","No","ooew29"
"657214298905817089",,,"Lstyles9401","Lstyles9401","ka",,,,"41,7963484","44,8212374",,,,,,,,"22/10/2015 11:17",,"#niallcometogeorgiaeuropein2016","No","No","No","No","ooew29"
"657213597240721408",,,"kubrabagcc","kubrabagcc","tr",,,,"41,722055","44,774",,,,,,,,"22/10/2015 11:15",,"I'm at Peking Avenue | áƒáƒ”áƒ™áƒ˜áƒœáƒ˜áƒ¡ áƒ’áƒáƒ›áƒ–áƒ˜áƒ áƒ˜ in Tbilisi https://t.co/4foQlodAEE","No","Yes","No","No","ooew29"
"657199368219598848",,,"TbilisiGE","TbilisiGE","en",,,,"41,7218","44,78313",,,,,,,,"22/10/2015 10:18",,"current weather in Tbilisi: cloudy, 17Â°C 71% humidity, wind 14km/h, visibility 4km, pressure 1019mb steady","No","No","No","No","ooew29"
"657199218269003777",,,"realbigbro","realbigbro","ru",,,,"41,6990441","44,80646219",,,,,,,,"22/10/2015 10:17",,"Ğ‘ÑƒĞ´ĞµÑ‚ Ğ´Ğ¾Ğ¶Ğ´ÑŒ @ Public Service Hall / áƒ˜áƒ£áƒ¡áƒ¢áƒ˜áƒªáƒ˜áƒ˜áƒ¡ áƒ¡áƒáƒ®áƒšáƒ˜ https://t.co/YNed4NVgTL","No","No","No","Yes","ooew29"
"657198080769527808",,,"TbilisiGE","TbilisiGE","en",,,,"41,7218","44,78313",,,,,,,,"22/10/2015 10:13",,"6:06pm: sunset tomorrow's forecast for Tbilisi: mostly cloudy, 17/9Â°C","No","No","No","No","ooew29"
"657196046158839808",,,"TbilisiGE","TbilisiGE","en",,,,"41,7218","44,78313",,,,,,,,"22/10/2015 10:05",,"temperature up 16Â°C -&gt; 17Â°C humidity down 79% -&gt; 71% wind 18km/h -&gt; 14km/h","No","No","No","No","ooew29"
"657192228142608384",,,"Map_Game","Map_Game","en",,,,"41,71","44,793",,,,,,,,"22/10/2015 09:50",,"Where is Tbilisi on the map? Play the game at https://t.co/xUYbqrJudZ #Tbilisi","No","No","No","No","ooew29"
"657192207213023232",,,"Map_Game","Map_Game","en",,,,"41,71","44,793",,,,,,,,"22/10/2015 09:50",,"Travelling to Tbilisi or just twittering about Tbilisi? https://t.co/xUYbqrJudZ #Tbilisi","No","No","No","No","ooew29"
"657185428311842816",,,"kubrabagcc","kubrabagcc","tr",,,,"41,77023945","44,80170965",,,,,,,,"22/10/2015 09:23",,"I'm at Caucasus International University | áƒ™áƒáƒ•áƒ™áƒáƒ¡áƒ˜áƒ˜áƒ¡ áƒ¡áƒáƒ”áƒ áƒ—áƒáƒ¨áƒáƒ áƒ˜áƒ¡áƒ áƒ£áƒœáƒ˜áƒ•áƒ”áƒ áƒ¡áƒ˜áƒ¢áƒ”áƒ¢áƒ˜ in tbilisi https://t.co/DMj48moRb8","No","No","No","No","ooew29"
"657180332353941505",,,"Grainees","Grainees","en",,,,"41,69056292","44,80841301",,,,,,,,"22/10/2015 09:02",,". ÙƒÙ… ÙˆØ§Ø­Ø¯ Ù Ù„Ù‡ ØºØ§ÙŠØ© Ù Ù…Ø§ Ù‡Ø±Ø¬Ù‡Ø§  ÙŠÙƒÙ†Ù‡Ø§ Ù„Ùˆ Ù‡Ùˆ Ù„Ø£Ø¯Ù†ÙŠÙ† Ù…Ø­ØªØ§Ø¬   ÙŠØ®Ø§Ù Ù…Ù† Ø¹ÙˆØ¬Ø§â€¦ https://t.co/PHTrEIgeIa","No","No","No","Yes","ooew29"
"657178941724102656",,,"Uskeus","Uskeus","es",,,,"41,7151377","44,827096",,,,,,,,"22/10/2015 08:57",,"Georgia: Rally for the Freedom of Speech: Today, on October 22, 2015, rally was held in Tbilisi, capital of Ge... https://t.co/pXJiRN25C7","No","No","No","No","ooew29"
"657172039476772864",,,"ShannonClagett","ShannonClagett","en",,,,"41,6934749","44,80113147",,,,,,,,"22/10/2015 08:29",,"And then there are Kodak moments that make you appreciate life @ Courtyard Tbilisi https://t.co/fYgc1dWetF","No","No","No","Yes","ooew29"
"657170263310598148",,,"Grainees","Grainees","en",,,,"41,69026932","44,80894183",,,,,,,,"22/10/2015 08:22",,". Ù‚Ø§Ù„ÙˆØ§ Ù…Ù† Ø§Ù„Ø­ÙƒÙ…Ø© Ù„Ø²ÙˆÙ…Ù ØªØµØ§Ù†Ø¹ Ø­ØªÙŠ ØªÙƒÙÙŠ Ø´Ø± Ù†Ø§Ø³Ù Ù…Ù† Ø§Ù„Ù†Ø§Ø³  ÙˆØ§Ù…Ø§ ÙŠÙ†Ø§Ø¬ÙŠÙ†ÙŠ Ø¹Ù†â€¦ https://t.co/rjWPLZhAe0","No","No","No","Yes","ooew29"
"657167151644692480",,,"Grainees","Grainees","en",,,,"41,69030993","44,80893131",,,,,,,,"22/10/2015 08:10",,"Enjoying the cappuccino (@ Retro Cafe in Tbilisi) https://t.co/kUwLOR9ki4","No","No","No","No","ooew29"
"657160483414216704",,,"AlinaHusainova","AlinaHusainova","ru",,,,"41,82844391","44,72528311",,,,,,,,"22/10/2015 07:44",,"Ğ”Ğ¾Ñ€Ğ¾Ğ³Ğ° Ñ€Ğ¾Ğ¶Ğ´Ğ°ĞµÑ‚ÑÑ Ğ¿Ğ¾Ğ´ Ğ½Ğ¾Ğ³Ğ°Ğ¼Ğ¸ Ğ¸Ğ´ÑƒÑ‰ĞµĞ³Ğ¾ (Ñ) #Ğ“Ñ€ÑƒĞ·Ğ¸Ñ #Ğ²Ñ€ĞµĞ¼ÑĞ¿Ñ€Ğ¸ĞºĞ»ÑÑ‡ĞµĞ½Ğ¸Ğ¹ #ÑĞ¸Ğ´ĞµÑ‚ÑŒĞ½Ğ°Ğ¼ĞµÑÑ‚ĞµĞ½ĞµĞ½Ğ°ÑˆĞ¿ÑƒÑ‚ÑŒ @â€¦ https://t.co/47TlD6zhh0","No","No","No","Yes","ooew29"
"657158778018770944",,,"Lika_Mamaladze","Lika_Mamaladze","ru",,,,"41,66954588","44,96480942",,,,,,,,"22/10/2015 07:37",,"I'm at Tbilisi International Airport | áƒ—áƒ‘áƒ˜áƒšáƒ˜áƒ¡áƒ˜áƒ¡ áƒ¡áƒáƒ”áƒ áƒ—áƒáƒ¨áƒáƒ áƒ˜áƒ¡áƒ áƒáƒ”áƒ áƒáƒáƒáƒ áƒ¢áƒ˜ (TBS) - @tavairports in Tbilisi https://t.co/p7SyWheDmX","No","No","No","No","ooew29"
"657157145595654144",,,"realbigbro","realbigbro","ru",,,,"41,693149","44,815824",,,,,,,,"22/10/2015 07:30",,"#Tbilisi #streetart @ Avlabari https://t.co/EYuHzbAt4x","No","No","No","Yes","ooew29"
"657154145519075329",,,"miyat28","miyat28","en",,,,"41,68990063","44,80911312",,,,,,,,"22/10/2015 07:18",,"Khinkali or dumplings. Miss you ğŸ‡¬ğŸ‡ª. @ Samikitno https://t.co/JbD4jvJ4ET","No","No","No","Yes","ooew29"
"657151482983124992",,,"ShannonClagett","ShannonClagett","en",,,,"41,69196048","44,80132782",,,,,,,,"22/10/2015 07:08",,"Mimosa #7643 and it's not even 4PM. I love ğŸ‡¬ğŸ‡ªğŸ‡¬ğŸ‡ªğŸ‡¬ğŸ‡ªğŸ‡¬ğŸ‡ª @ People's : Bar &amp; Restaurant https://t.co/lMSouU9Iyu","No","No","No","Yes","ooew29"
"657146929759916032",,,"samkhardze","samkhardze","en",,,,"41,69411","44,83368",,,,,,,,"22/10/2015 06:50",,"@anichekurashvili mariam_namgaladze77  ğŸ’—ğŸ’—ğŸ’—ğŸ’—ğŸ’–ğŸ’–ğŸ’– @ Vake Chavchavadze https://t.co/bk4F0B8SxO","No","No","No","Yes","ooew29"
"657144942758928384",,,"TbilisiGE","TbilisiGE","en",,,,"41,7218","44,78313",,,,,,,,"22/10/2015 06:42",,"temperature up 14Â°C -&gt; 16Â°C humidity down 91% -&gt; 79% wind 14km/h -&gt; 18km/h","No","No","No","No","ooew29"
"657140929799835648",,,"MissCatalan","MissCatalan","en",,,,"41,80587719","44,76902806",,,,,,,,"22/10/2015 06:26",,"Full of love ğŸ˜ğŸ˜ğŸ˜ #Love @ áƒ—áƒáƒ•áƒ˜áƒ¡áƒ£áƒ¤áƒáƒšáƒ˜ áƒ£áƒœáƒ˜áƒ•áƒ”áƒ áƒ¡áƒ˜áƒ¢áƒ”áƒ¢áƒ˜ - Free University https://t.co/B55JRSIppt","No","No","No","Yes","ooew29"
"657126300092510208",,,"tam060592","tam060592","en",,,,"41,72390159","44,72919738",,,,,,,,"22/10/2015 05:28",,"Just posted a photo @ Vazha Pshavela Avenue. Tbilisi https://t.co/GAztRNvZgZ","No","No","No","Yes","ooew29"
"657123525501698048",,,"ShannonClagett","ShannonClagett","en",,,,"41,70771915","44,77855825",,,,,,,,"22/10/2015 05:17",,"My phones cracked so it has its own natural filter yayyy @ Green Salon https://t.co/tA5UsTvwzc","No","No","No","Yes","ooew29"
"657121264339804160",,,"ShannonClagett","ShannonClagett","en",,,,"41,70771915","44,77855825",,,,,,,,"22/10/2015 05:08",,"She lives a challenged life @ Green Salon https://t.co/zL2sBfsV3R","No","No","No","Yes","ooew29"
"657115805289570304",,,"Kryptonite_xx","Kryptonite_xx","en",,,,"41,7249","44,75011",,,,,,,,"22/10/2015 04:46",,"gooooooooood morning guys! rise and shine! â˜€ï¸ğŸ’› #riseandshine #goodmorning #hello #cute #lovely #girlâ€¦ https://t.co/wZbfFTyAbr","No","No","No","Yes","ooew29"
"657114779706896384",,,"TbilisiGE","TbilisiGE","en",,,,"41,7218","44,78313",,,,,,,,"22/10/2015 04:42",,"current weather in Tbilisi: cloudy, 14Â°C 91% humidity, wind 14km/h, visibility 4km, pressure 1022mb steady","No","No","No","No","ooew29"
"657109078318194688",,,"ibdgs","ibdgs","tr",,,,"41,72633986","44,75359424",,,,,,,,"22/10/2015 04:19",,"I'm at Tbilisi State Medical University | áƒ—áƒ‘áƒ˜áƒšáƒ˜áƒ¡áƒ˜áƒ¡ áƒ¡áƒáƒ®áƒ”áƒšáƒ›áƒ¬áƒ˜áƒ¤áƒ áƒ¡áƒáƒ›áƒ”áƒ“áƒ˜áƒªáƒ˜áƒœáƒ áƒ£áƒœáƒ˜áƒ•áƒ”áƒ áƒ¡áƒ˜áƒ¢áƒ”áƒ¢áƒ˜ in Tbilisi w/ @ayseecolak https://t.co/uBIYMxcGfR","No","No","No","No","ooew29"
"657107386696663040",,,"ShannonClagett","ShannonClagett","en",,,,"41,70569169","44,78016519",,,,,,,,"22/10/2015 04:13",,"Fools @ brunch @ O, MODA, MODA https://t.co/fodl47Spu7","No","No","No","Yes","ooew29"
"657095123910529024",,,"AnnyGurashvili","AnnyGurashvili","en",,,,"41,72014993","44,71121192",,,,,,,,"22/10/2015 03:24",,"âœŒğŸ¿ï¸ @ áƒ™áƒáƒ•áƒ™áƒáƒ¡áƒ˜áƒ˜áƒ¡ áƒ£áƒœáƒ˜áƒ•áƒ”áƒ áƒ¡áƒ˜áƒ¢áƒ”áƒ¢áƒ˜/Caucasus University https://t.co/H5f2f5YVOI","No","No","No","Yes","ooew29"
"657094636003946496",,,"SifuNihat","SifuNihat","de",,,,"41,69660496","44,79773969",,,,,,,,"22/10/2015 03:22",,"Am alten Parlament von Tiflis. The old parliament from Tbilisi. Tiflis eski meclisi #sifu #activeâ€¦ https://t.co/iCOx94XP5a","No","No","No","Yes","ooew29"
"657092993443172352",,,"kkuchava","kkuchava","en",,,,"41,7167","44,7833",,,,,,,,"22/10/2015 03:15",,"#iphone #iphoto #ipsangle #photogrid #photo #photoshoot #photographer #photooftheday #georgiaâ€¦ https://t.co/kuWXM2L4xe","No","No","No","Yes","ooew29"
"657082887355965440",,,"brsarat","brsarat","tr",,,,"41,77023945","44,80170965",,,,,,,,"22/10/2015 02:35",,"I'm at Caucasus International University | áƒ™áƒáƒ•áƒ™áƒáƒ¡áƒ˜áƒ˜áƒ¡ áƒ¡áƒáƒ”áƒ áƒ—áƒáƒ¨áƒáƒ áƒ˜áƒ¡áƒ áƒ£áƒœáƒ˜áƒ•áƒ”áƒ áƒ¡áƒ˜áƒ¢áƒ”áƒ¢áƒ˜ in tbilisi w/ @enesmagic https://t.co/kDOxvRcJTA","No","No","No","No","ooew29"
"657071530644512768",,,"meralozkarul","meralozkarul","tr",,,,"41,77023945","44,80170965",,,,,,,,"22/10/2015 01:50",,"ğŸŒ (@ Caucasus International University | áƒ™áƒáƒ•áƒ™áƒáƒ¡áƒ˜áƒ˜áƒ¡ áƒ¡áƒáƒ”áƒ áƒ—áƒáƒ¨áƒáƒ áƒ˜áƒ¡áƒ áƒ£áƒœáƒ˜áƒ•áƒ”áƒ áƒ¡áƒ˜áƒ¢áƒ”áƒ¢áƒ˜ in tbilisi) https://t.co/GUEW2Y8GPh","No","No","No","No","ooew29"
"657048021532831744",,,"WhereMarkGoes","WhereMarkGoes","en-GB",,,,"41,8419","44,7211",,,,,,,,"22/10/2015 00:17",,"The most #holy sight in #Georgia is the #Svetitskhoveli #Cathedral in #Mtskheta - with the #Jvariâ€¦ https://t.co/lVK9kNSFCn","No","No","No","Yes","ooew29"
"657047026853658624",,,"smartmazila","smartmazila","en",,,,"41,788274","44,744961",,,,,,,,"22/10/2015 00:13",,"I just finished running 3.24 km in 32m:36s with #Endomondo #endorphins https://t.co/4zxVtudmfX","No","No","No","No","ooew29"
"657039057298526208",,,"smartmazila","smartmazila","en",,,,"41,788274","44,745673",,,,,,,,"21/10/2015 23:41",,"I just began a running workout using #Endomondo. Peptalk me now @ https://t.co/4zxVtudmfX","No","No","No","No","ooew29"
"657034173648150528",,,"TbilisiGE","TbilisiGE","en",,,,"41,7218","44,78313",,,,,,,,"21/10/2015 23:22",,"current weather in Tbilisi: cloudy, 13Â°C 93% humidity, wind 14km/h, pressure 1021mb steady","No","No","No","No","ooew29"
"657033274150252544",,,"TbilisiGE","TbilisiGE","en",,,,"41,7218","44,78313",,,,,,,,"21/10/2015 23:18",,"7:18am: sunrise sunset will be at 6:06pm today's forecast: scattered thunderstorms, 15/11Â°C tomorrow: cloudy, 17/9Â°C","No","No","No","No","ooew29"
"657023570300829696",,,"Naqiquexyz","Naqiquexyz","en",,,,"41,77769343","44,80596202",,,,,,,,"21/10/2015 22:40",,"Refreshmen, #vscoasia @ Pluto https://t.co/UsqNR1fKX2","No","No","No","Yes","ooew29"
"656991169944137728",,,"Sabrinaa_cv","Sabrinaa_cv","pt",,,,"41,72588827","44,77225886",,,,,,,,"21/10/2015 20:31",,"â€¢ When I give you a smile you give me a kiss? ğŸ˜ğŸ˜˜ â€¢ @ At School https://t.co/JdHvfLPXQE","No","No","No","Yes","ooew29"
"656957139332812800",,,"TbilisiGE","TbilisiGE","en",,,,"41,7218","44,78313",,,,,,,,"21/10/2015 18:16",,"cloudy -&gt; fog temperature down 15Â°C -&gt; 14Â°C humidity up 82% -&gt; 90% wind 0km/h -&gt; 14km/h","No","No","No","No","ooew29"
"656956251037966336",,,"seckinpirimoglu","seckinpirimoglu","tr",,,,"41,680068","44,823972",,,,,,,,"21/10/2015 18:12",,"I'm at German clÄ±nÄ±c in Tbilisi, Georgia https://t.co/E5PEEg4wAP","No","No","No","No","ooew29"
"656954610268160000",,,"NiniF013","NiniF013","en",,,,"41,8419","44,7211",,,,,,,,"21/10/2015 18:05",,"#bestfriendswedding #goodtimes #goodday @ Svetitskhoveli Cathedral https://t.co/EleSTo842Y","No","No","No","Yes","ooew29"
"656952928259977216",,,"ztetka","ztetka","ru",,,,"41,669719","44,964969",,,,,,,,"21/10/2015 17:59",,"Ğ³Ğ¾ÑĞ¿Ğ¾Ğ´Ğ¸ ÑĞºĞ¾Ğ»ÑŒĞºĞ¾ Ğ¼Ğ¾Ğ¶Ğ½Ğ¾ Ğ¿Ğ¸Ñ‚ÑŒ (@ Wines of Georgia TBS Airport - @tavairports) https://t.co/nysFt8mxa5 https://t.co/GaFdDEygAb","No","No","Yes","No","ooew29"
"656942553237864453",,,"AlinaHusainova","AlinaHusainova","ru",,,,"41,9339","44,5767",,,,,,,,"21/10/2015 17:18",,"-Ğ­Ñ‚Ğ¾ Ğ¿Ğ¾ Ñ‚Ğ²Ğ¾ĞµĞ¼Ñƒ ĞºÑ€Ğ°ÑĞ¸Ğ²Ğ¾? -Ğ³Ğ¾Ğ²Ğ¾Ñ€Ğ¸Ğ»Ğ¸ Ğ¾Ğ½Ğ¸. -ĞœÑ‹ Ğ¿Ğ¾ĞºĞ°Ğ¶ĞµĞ¼ Ñ‚ĞµĞ±Ğµ Ğ³Ğ´Ğµ Ğ¿Ğ¾-Ğ½Ğ°ÑÑ‚Ğ¾ÑÑ‰ĞµĞ¼Ñƒ ĞºÑ€Ğ°ÑĞ¸Ğ²Ğ¾! Ğ¤Ğ¾Ñ‚Ğ¾ Ğ¸Ğ· Ğ¾ĞºĞ½Ğ°â€¦ https://t.co/hIJubv8ZyQ","No","No","No","Yes","ooew29"
"656940814019514368",,,"ibdgs","ibdgs","tr",,,,"41,72192494","44,766838",,,,,,,,"21/10/2015 17:11",,"#iloveyou #seniseviyorum #Galatasaray #sarikirmizi #ask #tbilisi #georgia @ Saburtalo Street https://t.co/mSFF5iI464","No","No","No","Yes","ooew29"
"656937239642001412",,,"MikolenkoDenis","MikolenkoDenis","ru",,,,"41,69361111","44,80833333",,,,,,,,"21/10/2015 16:56",,"ğŸ˜´ good night. #tbilisi #bodybuilding @ The Bridge of Peace https://t.co/Z6y29Pjypn","No","No","No","Yes","ooew29"
"656936462030495744",,,"AlinaHusainova","AlinaHusainova","ru",,,,"41,8439","44,7164",,,,,,,,"21/10/2015 16:53",,"Ğ’Ğ¾ÑĞ¿Ğ¾Ğ¼Ğ¸Ğ½Ğ°Ğ½Ğ¸Ñ ÑĞ¾Ğ³Ñ€ĞµĞ²Ğ°ÑÑ‚. Ğ’ Ğ¿ÑƒÑ‚ĞµÑˆĞµÑÑ‚Ğ²Ğ¸ÑÑ… Ğ²ÑĞµĞ³Ğ´Ğ° ĞµÑÑ‚ÑŒ Ğ²Ñ€ĞµĞ¼Ñ Ğ¿Ğ¾Ğ´ÑƒĞ¼Ğ°Ñ‚ÑŒ Ğ¸ Ñ€Ğ°Ğ·Ğ»Ğ¾Ğ¶Ğ¸Ñ‚ÑŒ Ğ¿Ğ¾ Ğ¿Ğ¾Ğ»Ğ¾Ñ‡ĞºĞ°Ğ¼ Ñ‡Ñ‚Ğ¾ Ğ´Ğ»Ñâ€¦ https://t.co/Hv5W5kN5bV","No","No","No","Yes","ooew29"
"656932470173077505",,,"Ge598230375","Ge598230375","en",,,,"41,3317036","44,2006518",,,,,,,,"21/10/2015 16:38",,"https://t.co/VOdvulButj","No","No","No","No","ooew29"
"656931451334709249",,,"ztetka","ztetka","ru",,,,"41,66954588","44,96480942",,,,,,,,"21/10/2015 16:33",,"Ğ Ğ¢Ğ« Ğ“ĞĞ’ĞĞ Ğ˜Ğ¨Ğ¬ Ğ£ ĞœĞ•ĞĞ¯ Ğ§Ğ•ĞœĞĞ”ĞĞ Ğ‘ĞĞ›Ğ¬Ğ¨ĞĞ™ (at @tavairports in Tbilisi) https://t.co/fpqvhLNuXF https://t.co/h5wQaNgzYn","No","No","Yes","No","ooew29"
"656928714727534592",,,"KiselevaInna","KiselevaInna","ru",,,,"41,71908965","44,77814068",,,,,,,,"21/10/2015 16:23",,"Ğ Ğ½Ğ° Ğ²ĞµÑ€ÑˆĞ¸Ğ½Ğµ Ğ³Ğ¾Ñ€Ñ‹ Ğ±Ğ¾Ğ»ÑŒÑˆĞ¸Ğµ Ğ±ÑƒĞºĞ²Ñ‹: Ñ Ğ»ÑĞ±Ğ»Ñ ĞšĞ°Ñ…ĞµÑ‚Ğ¸Ñ . #Ğ±Ğ°Ğ½Ğ´Ğ°Ğ³Ñ€ÑƒĞ·Ğ¸Ğ¸ @ ĞšĞ°Ñ…ĞµÑ‚Ğ¸Ñ https://t.co/H0hgRPzcJt","No","No","No","Yes","ooew29"
"656923911553204224",,,"MikolenkoDenis","MikolenkoDenis","ru",,,,"41,72874672","44,79774422",,,,,,,,"21/10/2015 16:04",,"ğŸ˜ŠğŸ‡ºğŸ‡¦ ÑĞµÑ€ĞµĞ±Ñ€Ğ¾ Ğ¼Ğ¾Ñ‘. ĞĞ¾ Ñ Ğ²ÑĞµ Ğ¶Ğµ Ğ»ÑĞ±Ğ»Ñ Ğ·Ğ¾Ğ»Ğ¾Ñ‚Ğ¾ ğŸ˜‚ğŸ˜¬ğŸ†. ĞœĞ½Ğµ Ğ¾Ğ½Ğ¾ Ğ±Ğ¾Ğ»ÑŒÑˆĞµ Ğ¿Ğ¾Ğ´Ñ…Ğ¾Ğ´Ğ¸Ñ‚. ĞŸĞ¾Ñ‚Ğ¾Ğ¼Ñƒ ÑĞµĞ³Ğ¾Ğ´Ğ½Ñ ÑƒĞ¶Ğµâ€¦ https://t.co/zIs7vmTzHW","No","No","No","Yes","ooew29"
"656920529102729216",,,"Irenitaa19","Irenitaa19","es",,,,"41,73063363","44,78768525",,,,,,,,"21/10/2015 15:50",,"â¡Don't stop the believingâ¬… #MiniIrene ğŸ™Œ @ Sweet Childhood https://t.co/If6Tc1zmXf","No","No","No","Yes","ooew29"
"656914870294695936",,,"TbilisiGE","TbilisiGE","en",,,,"41,7218","44,78313",,,,,,,,"21/10/2015 15:28",,"temperature down 16Â°C -&gt; 15Â°C humidity up 79% -&gt; 82% wind 14km/h -&gt; 0km/h","No","No","No","No","ooew29"
"656908637684768768",,,"Grainees","Grainees","en",,,,"41,69030939","44,80873073",,,,,,,,"21/10/2015 15:03",,"Relaxing. ... (@ Tifliso | áƒ¢áƒ˜áƒ¤áƒšáƒ˜áƒ¡áƒ in Tbilisi w/ @abdulalfadhel) https://t.co/M0pjDGLCZS","No","No","No","No","ooew29"
"656907514919825408",,,"Grainees","Grainees","en",,,,"41,69006736","44,80972946",,,,,,,,"21/10/2015 14:58",,". Ø·Ø§Ù„Ø¹ Ø¨Ø¹ÙŠÙ†Ùƒ ØŒ Ø´ÙˆÙ Ø¹ÙŠÙ†ÙŠ ØŒ ÙˆØªØ¯Ø±ÙŠ  Ø´Ù Ø§Ø´Ù€ ÙƒØ«Ø± ÙÙŠÙ‡Ø§ Ù…Ù† Ø§Ù…Ø§Ù„ ÙˆØ§Ø­Ù„Ø§Ù…   .  ÙˆÙ„Ø§â€¦ https://t.co/7w35270Mod","No","No","No","Yes","ooew29"
"656905761679761408",,,"Grainees","Grainees","en",,,,"41,69","44,81111111",,,,,,,,"21/10/2015 14:51",,". Ù†Ø¹ÙŠØ´ Ø¨ Ø¢Ù„Ø¯Ù†ÙŠØ§ Ø¢Ù„Ø¹Ø±ÙŠØ¶Ù‡ ÙˆÙ†Ø­Ù„Ù…  ÙˆÙŠÙ…ÙƒÙ† Ù†Ø­Ø¨ Ø£Ø´ÙŠØ§Ø¡ ÙˆÙÙŠÙ‡Ø§ Ù…Ø¶Ù€Ø±Ù‡   ÙŠØ§Ø±Ø¨ ÙˆÙØ¢Ù†Øªâ€¦ https://t.co/gkZvDsXbtI","No","No","No","Yes","ooew29"
"656891179905208324",,,"AnuKarchkhadze","AnuKarchkhadze","en",,,,"41,81725502","44,77224969",,,,,,,,"21/10/2015 13:53",,"#ghostsarereal ğŸ˜± @ Cavea Cinemas https://t.co/G2vEsStrEW","No","No","No","Yes","ooew29"
"656889790621548544",,,"SoliehS","SoliehS","es",,,,"41,70130556","44,79616667",,,,,,,,"21/10/2015 13:48",,"21/Oct/2015:Rehearsing: The Nutcracker with Mari Elo (mari.elo) #a_dancers_life #ss18 @ Tbilisi Operaâ€¦ https://t.co/YaCJrMRCUb","No","No","No","Yes","ooew29"
"656884504771088385",,,"Berryeverton","Berryeverton","pt",,,,"41,7167","44,7833",,,,,,,,"21/10/2015 13:27",,"I'm Friends with a monster that's under my bed . Get a long with the voices inside of my head . Youâ€¦ https://t.co/TLy3p4atbn","No","No","No","Yes","ooew29"
"656884491278032896",,,"ninarmalnaya","ninarmalnaya","en",,,,"41,69632427","44,80453134",,,,,,,,"21/10/2015 13:27",,"#feminism #fightforrights #beer @ Wall https://t.co/wmRSgkUPbF","No","No","No","Yes","ooew29"
"656884176575188992",,,"ninarmalnaya","ninarmalnaya","en",,,,"41,69632427","44,80453134",,,,,,,,"21/10/2015 13:26",,"Just posted a photo @ Wall https://t.co/EtiLsquIhi","No","No","No","Yes","ooew29"
"656873600314556416",,,"niiIINnoO","niiIINnoO","en",,,,"41,71696527","44,77272842",,,,,,,,"21/10/2015 12:44",,"ğŸ¼ğŸ¼ğŸ¼ @ Dolidze Str. https://t.co/rzlV8of8hB","No","No","No","Yes","ooew29"
"656871272568266752",,,"TbilisiGE","TbilisiGE","en",,,,"41,7218","44,78313",,,,,,,,"21/10/2015 12:34",,"temperature down 17Â°C -&gt; 16Â°C humidity up 70% -&gt; 79% wind 18km/h -&gt; 14km/h","No","No","No","No","ooew29"
"656866854401634304",,,"CarstenOvens","CarstenOvens","de",,,,"41,69454373","44,79469397",,,,,,,,"21/10/2015 12:17",,"Im GesprÃ¤ch mit dem stellv. AuÃŸenminister Georgiens: Er schwÃ¤rmte von Hamburg. #GEO15 https://t.co/QvO6Hz8NXt https://t.co/4QbKSqhmK0","No","No","Yes","No","ooew29"
"656859110848274432",,,"Coldat1975","Coldat1975","ru",,,,"41,68990063","44,80911312",,,,,,,,"21/10/2015 11:46",,"Ğ˜ ĞºĞ¾Ğ½ĞµÑ‡Ğ½Ğ¾ Ğ´Ğ¾Ğ¼Ğ¾Ğ¹!!! Ğ”Ğ¾Ğ¼Ğ¾Ğ¹ Ğ¿Ğ¾Ñ‚Ğ¾Ğ¼Ñƒ Ñ‡Ñ‚Ğ¾ Ñ‚Ğ²Ñ‘Ñ€Ğ´Ğ¾ Ğ¿Ğ¾Ğ½Ğ¸Ğ¼Ğ°ĞµĞ¼ Ñ‡Ñ‚Ğ¾ Ğ±ĞµĞ· Ğ½Ğ°ÑˆĞµĞ¹ Ñ€Ğ°Ğ±Ğ¾Ñ‚Ñ‹â€¦ https://t.co/NrYH5NQq7E","No","No","No","Yes","ooew29"
"656858661277597700",,,"ztetka","ztetka","ru",,,,"41,68992549","44,80912214",,,,,,,,"21/10/2015 11:44",,"Ğ½Ğ° Ğ¿Ğ»Ğ¾Ñ‰Ğ°Ğ´Ğ¸ Ğ¼Ğ°Ğ¹Ğ´Ğ°Ğ½ Ñ‡ÑƒĞ´ĞµÑĞ½Ğ¾Ğµ ĞºĞ°Ñ„Ğµ Ğ½Ğ°ÑˆĞ»Ğ¸ (@ Samikitno/Machakhela | áƒ¡áƒáƒ›áƒ˜áƒ™áƒ˜áƒ¢áƒœáƒ/áƒ›áƒáƒ­áƒáƒ®áƒ”áƒšáƒ) https://t.co/rllrHKeTho https://t.co/6mj1LVaXzO","No","No","Yes","No","ooew29"
"656858487691960322",,,"levani_lj","levani_lj","en",,,,"41,69411","44,83368",,,,,,,,"21/10/2015 11:44",,"Just posted a photo @ áƒ¡áƒáƒ¥áƒáƒ áƒ—áƒ•áƒ”áƒšáƒáƒ¡ áƒ¢áƒ”áƒ¥áƒœáƒ˜áƒ™áƒ£áƒ áƒ˜ áƒ£áƒœáƒ˜áƒ•áƒ”áƒ áƒ¡áƒ˜áƒ¢áƒ”áƒ¢áƒ˜ https://t.co/Dlfs8lSE8z","No","No","No","Yes","ooew29"
"656857557248659456",,,"cneyt_gul","cneyt_gul","tr",,,,"41,72033706","45,02117643",,,,,,,,"21/10/2015 11:40",,"I'm at Georgia Tiphlis(GÃ¼rcistan Tiflis) https://t.co/mvfjgXtKMU","No","No","No","No","ooew29"
"656854901016932352",,,"0113c02a86dc485","0113c02a86dc485","ru",,,,"41,681709","44,8477954",,,,,,,,"21/10/2015 11:29",,"@AngelAlessandra @alebyAlessandra","No","No","No","No","ooew29"
"656854105898512384",,,"anamatusevic","anamatusevic","pl",,,,"41,6957064","44,80656801",,,,,,,,"21/10/2015 11:26",,"It's time to say goodbye, beautiful #Georgia. There're so many places I'd like to visit, so manyâ€¦ https://t.co/RKjLPaAHv6","No","No","No","Yes","ooew29"
"656853621619957760",,,"annieb_fox","annieb_fox","ru",,,,"41,7027848","44,7995151",,,,,,,,"21/10/2015 11:24",,"ÑĞµÑ€ÑŒĞµĞ·Ğ½Ğ¾ÑÑ‚ÑŒ Ğ½Ğ° ÑƒÑ€Ğ¾Ğ²Ğ½ĞµğŸ™‡ @ 9 March Park https://t.co/GKDXfX412X","No","No","No","Yes","ooew29"
"656852793899249664",,,"vasasi","vasasi","en",,,,"41,70889828","44,7706894",,,,,,,,"21/10/2015 11:21",,"I'm at Ilia State University | áƒ˜áƒšáƒ˜áƒáƒ¡ áƒ¡áƒáƒ®áƒ”áƒšáƒ›áƒ¬áƒ˜áƒ¤áƒ áƒ£áƒœáƒ˜áƒ•áƒ”áƒ áƒ¡áƒ˜áƒ¢áƒ”áƒ¢áƒ˜ in Tbilisi https://t.co/MoXOOPFP8Q","No","No","No","No","ooew29"
"656851140299137024",,,"Dianikoo","Dianikoo","en",,,,"41,71200556","44,75777822",,,,,,,,"21/10/2015 11:14",,"I'm at CUBE https://t.co/wJ7jA8NJr8","No","No","No","No","ooew29"
"656851041338675202",,,"ztetka","ztetka","ru",,,,"41,68927328","44,8071094",,,,,,,,"21/10/2015 11:14",,"Ğ¾Ğ½Ğ¸ Ñ‚ÑƒÑ‚ Ñ‡Ñ‚Ğ¾ Ñ‚Ğ¾ Ğ² Ğ²Ğ¾Ğ·Ğ´ÑƒÑ… Ğ¸Ğ»Ğ¸ Ğ² Ğ²Ğ¸Ğ½Ğ¾ Ğ¿Ğ¾Ğ´Ğ¼ĞµÑˆĞ¸Ğ²Ğ°ÑÑ‚, Ğ½Ğµ Ğ¸Ğ½Ğ°Ñ‡Ğµ) #Ğ½Ğ°Ğ¢Ğ¸Ñ„Ğ»Ğ¸Ñ @â€¦ https://t.co/jFTPtyt3QM","No","No","No","Yes","ooew29"
"656850917032120321",,,"Dianikoo","Dianikoo","en",,,,"41,71125031","44,75716019",,,,,,,,"21/10/2015 11:13",,"I'm at Archi Tower | áƒáƒ áƒ¥áƒ˜ áƒ—áƒáƒ£áƒ”áƒ áƒ˜ in Tbilisi, Georgia https://t.co/xLUaCVdeOd","No","No","No","No","ooew29"
"656850417779871744",,,"Dianikoo","Dianikoo","en",,,,"41,71119679","44,75745703",,,,,,,,"21/10/2015 11:11",,"I'm at Super in Tbilisi https://t.co/CYcp2F5R2R","No","No","No","No","ooew29"
"656850298271629312",,,"Dianikoo","Dianikoo","en",,,,"41,71145038","44,75748273",,,,,,,,"21/10/2015 11:11",,"I'm at Smart | áƒ¡áƒ›áƒáƒ áƒ¢áƒ˜ - @smart_ge in Tbilisi, K'alak'i T'bilisi https://t.co/ctBWKKFGYu","No","No","No","No","ooew29"
"656848523527327744",,,"Coldat1975","Coldat1975","ru",,,,"41,69264394","44,80787669",,,,,,,,"21/10/2015 11:04",,"Ğ˜ ĞµÑ‰Ñ‘ Ñ‚Ğ°Ğº))) Ğ½Ñƒ ĞºÑ€Ğ°ÑĞ¸Ğ²Ğ¾ Ğ¶Ğµ??? #Ğ´Ğ»ÑÑĞµĞ±Ñ #Ğ¢Ğ±Ğ¸Ğ»Ğ¸ÑĞ¸ @ Ğ¢Ğ±Ğ¸Ğ»Ğ¸ÑĞ¸. Ğ—ĞµÑ€ĞºĞ°Ğ»ÑŒĞ½Ñ‹Ğ¹ ĞœĞ¾ÑÑ‚ https://t.co/5p8pFrY8eG","No","No","No","Yes","ooew29"
"656847732947075073",,,"cedric_ccc","cedric_ccc","fr",,,,"41,7167","44,7833",,,,,,,,"21/10/2015 11:01",,"#georgia #tbilisiphoto #loves_urban loves_urban #photo #photoshoot #photography #photographerâ€¦ https://t.co/dDLajYyhDj","No","No","No","Yes","ooew29"
"656847226858262528",,,"ztetka","ztetka","ru",,,,"41,69299961","44,8082757",,,,,,,,"21/10/2015 10:59",,"Ğ³ÑƒĞ»ÑÑ‚ÑŒ Ğ´Ñ‹ÑˆĞ°Ñ‚ÑŒ! (@ The Peace Bridge | áƒ›áƒ¨áƒ•áƒ˜áƒ“áƒáƒ‘áƒ˜áƒ¡ áƒ®áƒ˜áƒ“áƒ˜ in Tbilisi) https://t.co/LrqsKiw0i6 https://t.co/6MnyCcVmjK","No","No","Yes","No","ooew29"
"656847113058390016",,,"Coldat1975","Coldat1975","ru",,,,"41,69361111","44,80833333",,,,,,,,"21/10/2015 10:58",,"ĞœĞ¾ÑÑ‚ ĞœĞ¸Ñ€Ğ° #Ğ¢Ğ±Ğ¸Ğ»Ğ¸ÑĞ¸ @ The Bridge of Peace https://t.co/DCpPJ25JRq","No","No","No","Yes","ooew29"
"656842650746687488",,,"aveme101","aveme101","en",,,,"41,7291155","44,7186538",,,,,,,,"21/10/2015 10:41",,"Somewhere away from the mother land ğŸŒŒ @ Sabedniereti https://t.co/WFiDTNH1tU","No","No","No","Yes","ooew29"
"656840427702755333",,,"ztetka","ztetka","ru",,,,"41,69436154","44,80629087",,,,,,,,"21/10/2015 10:32",,"ÑĞ¾Ğ±Ğ¸Ñ€Ğ°ĞµĞ¼ Ñ‡ĞµĞ¼Ğ¾Ğ´Ğ°Ğ½Ñ‹((( Ğ·Ğ°Ğ²Ñ‚Ñ€Ğ°ĞºĞ°Ñ‚ÑŒ ÑƒĞ¶Ğµ Ğ½Ğ° Ñ€Ğ¾Ğ´Ğ¸Ğ½Ğµ Ğ±ÑƒĞ´ĞµĞ¼! Ğ½ĞµĞ´ĞµĞ»Ñ - ÑÑ‚Ğ¾ Ğ¾Ñ‡ĞµĞ½ÑŒâ€¦ https://t.co/6fZZzXbUXk","No","No","No","Yes","ooew29"
"656839088180494336",,,"VilisVioletta","VilisVioletta","ru",,,,"41,71050456","44,79671261",,,,,,,,"21/10/2015 10:26",,"Just posted a photo @ Tiflis Bar Restaurant https://t.co/5ATb7nsYyY","No","No","No","Yes","ooew29"
"656838492303962112",,,"miyat28","miyat28","en",,,,"41,68777778","44,80861111",,,,,,,,"21/10/2015 10:24",,"That gwapo Georgian guy named Zura. ğŸ˜œ @ Narikala https://t.co/j7v4yU5pKM","No","No","No","Yes","ooew29"
"656838424054398976",,,"travelgeorgia10","travelgeorgia10","en",,,,"41,7167","44,7833",,,,,,,,"21/10/2015 10:24",,"Ù…Ø±Ø­Ø¨Ø§ Ø¨ÙƒÙ… ÙÙŠ Ø¬ÙˆØ±Ø¬ÙŠØ§ Ù„Ø¤Ù„Ø¤Ø© Ø§Ù„Ù‚ÙˆÙ‚Ø§Ø² ØªÙ‚Ø¯Ù… Ø´Ø±ÙƒØ© ØªØ±Ø§ÙÙŠÙ„ ØªØ¨Ù„ÙŠØ³ÙŠ Ø¬ÙˆØ±Ø¬ÙŠØ§ Ù„Ù„Ø³ÙŠØ§Ø­Ø© ÙˆØ§Ù„Ø³ÙØ± ÙÙŠ Ø¬ÙˆØ±Ø¬ÙŠØ§ ÙˆØ§Ø±Ù…Ù†ÙŠÙŠØ§â€¦ https://t.co/vojlE9bebl","No","No","No","Yes","ooew29"
"656837121597186049",,,"TbilisiGE","TbilisiGE","en",,,,"41,7218","44,78313",,,,,,,,"21/10/2015 10:19",,"current weather in Tbilisi: cloudy, 17Â°C 70% humidity, wind 18km/h, pressure 1018mb steady","No","No","No","No","ooew29"
"656836913014419456",,,"CarstenOvens","CarstenOvens","de",,,,"41,69480143","44,78509606",,,,,,,,"21/10/2015 10:18",,"Ein bisschen touristisches Programm darf sein. :) #GEO15 https://t.co/S8E3p2Q8H8 https://t.co/fEcRutj7W3","No","No","Yes","No","ooew29"
"656836576509624320",,,"TbilisiGE","TbilisiGE","en",,,,"41,7218","44,78313",,,,,,,,"21/10/2015 10:16",,"6:09pm: sunset tomorrow's forecast for Tbilisi: cloudy, 16/11Â°C","No","No","No","No","ooew29"
"656832246154985472",,,"ann_moska","ann_moska","en",,,,"41,70768173","44,74026012",,,,,,,,"21/10/2015 09:59",,"áƒ¨áƒ”áƒ›áƒáƒ“áƒ’áƒáƒ›áƒ áƒ¡áƒáƒ®áƒšáƒ¨áƒ˜ â˜ºï¸ğŸğŸ‚ @ Bagebi City https://t.co/vdJnqqkJzv","No","No","No","Yes","ooew29"
"656831622331912192",,,"TbilisiGE","TbilisiGE","en",,,,"41,7218","44,78313",,,,,,,,"21/10/2015 09:57",,"temperature up 14Â°C -&gt; 17Â°C humidity down 85% -&gt; 70% wind 14km/h -&gt; 18km/h","No","No","No","No","ooew29"
"656828435742887939",,,"fbc_intl","fbc_intl","en",,,,"41,71196707","44,79919747",,,,,,,,"21/10/2015 09:44",,"Gotta #love this city #tbilisi #georgia #mydubai #myistanbullife @ Plekhanovi https://t.co/5OAiyGlGW4","No","No","No","Yes","ooew29"
"656823055319085056",,,"sshiaaziz","sshiaaziz","en",,,,"41,7315151","44,7675904",,,,,,,,"21/10/2015 09:23",,"Just posted a photo @ Stand Up https://t.co/Shk4iq9A42","No","Yes","No","No","ooew29"
"656821831882645504",,,"nfi0404199","nfi0404199","ru",,,,"41,7167","44,7833",,,,,,,,"21/10/2015 09:18",,"Snack time ğŸ²  #cleaneating #cleaneatingideas #cleaneatingchallenge #cleaneatingrecipeâ€¦ https://t.co/SvJ31WflF5","No","No","No","Yes","ooew29"
"656815757796515840",,,"karendesuyo","karendesuyo","en",,,,"41,70625616","44,79527944",,,,,,,,"21/10/2015 08:54",,"â€œáƒáƒ áƒ áƒ•áƒáƒ  áƒ™áƒáƒ áƒ’áƒáƒ“â€ ( I'm not well ) by Mariam Kalandarishvili #art #travel @ Artarea/Tv2.0 https://t.co/4m2bBYHQzo","No","No","No","Yes","ooew29"
"656812676408934400",,,"niiIINnoO","niiIINnoO","en",,,,"41,71696527","44,77272842",,,,,,,,"21/10/2015 08:41",,"#edgarallanpoe  #lonely  #love  #quoteoftheday âœ–âœ–âœ–âœ– @ Dolidze Str. https://t.co/IGmy7GYdnj","No","No","No","Yes","ooew29"
"656800259197267968",,,"kubrabagcc","kubrabagcc","tr",,,,"41,77023945","44,80170965",,,,,,,,"21/10/2015 07:52",,"I'm at Caucasus International University | áƒ™áƒáƒ•áƒ™áƒáƒ¡áƒ˜áƒ˜áƒ¡ áƒ¡áƒáƒ”áƒ áƒ—áƒáƒ¨áƒáƒ áƒ˜áƒ¡áƒ áƒ£áƒœáƒ˜áƒ•áƒ”áƒ áƒ¡áƒ˜áƒ¢áƒ”áƒ¢áƒ˜ in tbilisi https://t.co/EsjQLHh7Fg","No","No","No","No","ooew29"
"656798878172344320",,,"ebruozyurek","ebruozyurek","en",,,,"41,70338905","44,79315238",,,,,,,,"21/10/2015 07:47",,"Street crawlingğŸ‘Š #georgia #tbilisi #streets #gettinglost #mafavouriteâ€¦ https://t.co/mteOtWkrLH","No","No","No","Yes","ooew29"
"656792084314091520",,,"ekayuppi","ekayuppi","id",,,,"41,77769343","44,80596202",,,,,,,,"21/10/2015 07:20",,"Puisi Kering . . . Gadis daun yang terhempas Melayang jatuh ditamparâ€¦ https://t.co/9N0EoPkSbC","No","No","No","Yes","ooew29"
"656791299820011520",,,"archilmikelashv","archilmikelashv","en",,,,"41,72456846","44,73047103",,,,,,,,"21/10/2015 07:17",,"I'm at Red Cafe in Tbilisi https://t.co/rekSFeaxrz","No","No","No","No","ooew29"
"656788459537874944",,,"NisaSiregar_","NisaSiregar_","en",,,,"41,77769343","44,80596202",,,,,,,,"21/10/2015 07:05",,"I found dis pict, when both of us in jhs grade7 Lol xx.ğŸ˜†ğŸ˜‹ @ Pluto https://t.co/FpUPeh9hBD","No","No","No","Yes","ooew29"
"656782084724363264",,,"archilmikelashv","archilmikelashv","en",,,,"41,72439096","44,72983936",,,,,,,,"21/10/2015 06:40",,"I'm at FINCA Bank  | áƒ¤áƒ˜áƒœáƒ™áƒ áƒ‘áƒáƒœáƒ™áƒ˜ in Tbilisi https://t.co/sCMvLvJnwY","No","No","No","No","ooew29"
"656778413009739776",,,"ztetka","ztetka","ru",,,,"41,846297","44,719556",,,,,,,,"21/10/2015 06:25",,"I'm at Mtskheta | áƒ›áƒªáƒ®áƒ”áƒ—áƒ in Mtskheta, Mtskheta-Mtianeti https://t.co/t3tPizk9HE https://t.co/TnY3netdtO","No","No","Yes","No","ooew29"
"656777901120049152",,,"CarstenOvens","CarstenOvens","de",,,,"41,71845064","44,79390622",,,,,,,,"21/10/2015 06:23",,"Sicherheitspolitik im Fokus. #GEO15 (@ NATO Liaison Office In Georgia) https://t.co/S0I4TvRjk1 https://t.co/bgKkv0vSTK","No","No","Yes","No","ooew29"
"656770340815818752",,,"NatiaKhidashel1","NatiaKhidashel1","en",,,,"41,94264859","44,5847549",,,,,,,,"21/10/2015 05:53",,"I â¤ï¸Georgia))) #caucasus @caucasusjourney #georgia #harvest #georgianwine #wine #vine #vineyardâ€¦ https://t.co/ZyUIAasDX3","No","No","No","Yes","ooew29"
"656767899907039232",,,"MARGO_LUCHKO","MARGO_LUCHKO","ru",,,,"41,70233479","44,79322099",,,,,,,,"21/10/2015 05:44",,"ĞœĞ¾Ğ¹ Ğ²Ğ¾Ğ»ÑˆĞµĞ±Ğ½Ñ‹Ğ¹ Ğ´ĞµĞ½ÑŒ Ğ½Ğ°Ñ‡Ğ°Ğ»ÑÑ Ñ freshlinegeo  Ğ¡Ğ¿Ğ°ÑĞ¸Ğ±Ğ¾ Ğ¯Ğ½Ğ¾Ñ‡ĞºĞ° Ğ·Ğ° Ğ¿Ğ¾Ğ´Ğ°Ñ€ĞºĞ¸!!!! Ğ­Ñ‚Ğ¾ Ñ‚Ğ°Ğº Ğ¿Ñ€Ğ¸ÑÑ‚Ğ½Ğ¾Ğ¾Ğ¾... â¤â¤â¤â¤ @â€¦ https://t.co/ZYgolZeWtR","No","No","No","Yes","ooew29"
"656763376194863104",,,"0503Diana","0503Diana","ru",,,,"41,8710964","44,77005568",,,,,,,,"21/10/2015 05:26",,"ğŸ˜š @ Zedazeni https://t.co/MqWLhCtTsZ","No","No","No","Yes","ooew29"
"656758995810721792",,,"GvantsaTabaghua","GvantsaTabaghua","en",,,,"41,71639317","44,78371686",,,,,,,,"21/10/2015 05:08",,"I'm at National Center for Educational Quality Enhancement https://t.co/Baw1qKoYEG","No","No","No","No","ooew29"
"656753007535771648",,,"TbilisiGE","TbilisiGE","en",,,,"41,7218","44,78313",,,,,,,,"21/10/2015 04:44",,"current weather in Tbilisi: cloudy, 14Â°C 85% humidity, wind 14km/h, visibility 4km, pressure 1020mb steady","No","No","No","No","ooew29"
"656746598668615680",,,"Kamran69288251","Kamran69288251","ru",,,,"41,6696436","44,96491224",,,,,,,,"21/10/2015 04:19",,"@mozurayte ĞŸÑ€Ğ¸Ğ²ĞµÑ‚ ï¿½ï¿½. Send by https://t.co/zeJobaSsQR","No","No","No","No","ooew29"
"656742923992743936",,,"Coldat1975","Coldat1975","ru",,,,"41,69568775","44,80651764",,,,,,,,"21/10/2015 04:04",,"Ğ¢ĞµĞ°Ñ‚Ñ€ Ğ¼Ğ°Ñ€Ğ¸Ğ¾Ğ½ĞµÑ‚Ğ¾Ğº Ğ ĞµĞ·Ğ¾ Ğ“Ğ°Ğ±Ñ€Ğ¸Ğ°Ğ´Ğ·Ğµ ÑˆĞ¸Ñ€Ğ¾ĞºĞ¾ Ğ¸Ğ·Ğ²ĞµÑÑ‚ĞµĞ½ Ğ´Ğ°Ğ»ĞµĞºĞ¾ Ğ·Ğ° Ğ¿Ñ€ĞµĞ´ĞµĞ»Ğ°Ğ¼Ğ¸â€¦ https://t.co/1qmGt849KF","No","No","No","Yes","ooew29"
"656736078746005504",,,"TbilisiGE","TbilisiGE","en",,,,"41,7218","44,78313",,,,,,,,"21/10/2015 03:37",,"temperature up 13Â°C -&gt; 14Â°C humidity down 96% -&gt; 85% wind 0km/h -&gt; 14km/h","No","No","No","No","ooew29"
"656724371176689664",,,"Grainees","Grainees","en",,,,"41,69002529","44,80878965",,,,,,,,"21/10/2015 02:51",,". Ø§Ø°ÙƒØ§Ø± Ø±Ø¨ÙŠ ØªØ¬Ù„ÙŠ Ø§Ù„Ù‡Ù… ÙˆØ§Ù„Ø¶ÙŠÙ‚ ÙˆÙÙŠ Ø¢ÙŠØ© Ø§Ù„ÙƒØ±Ø³ÙŠ ÙÙˆØ§Ø¦Ø¯ Ø¹Ø¸ÙŠÙ…Ø©  Ø­ØµÙ†Øª Ø­Ø¨Ùƒ Ù…Ù†â€¦ https://t.co/fAimW0ters","No","No","No","Yes","ooew29"
"656718216689901570",,,"CarstenOvens","CarstenOvens","de",,,,"41,6933207","44,80665954",,,,,,,,"21/10/2015 02:26",,"FrÃ¼hstÃ¼ckstermin mit Vertretern der Regierungspartei. #GEO15 (@ Georgian Dream | áƒ¥áƒáƒ áƒ—áƒ£áƒšáƒ˜ áƒáƒªáƒœáƒ”áƒ‘áƒ) https://t.co/VXDGvjil1w","No","No","No","No","ooew29"
"656704704819236864",,,"MARGO_LUCHKO","MARGO_LUCHKO","ru",,,,"41,71984545","44,78063685",,,,,,,,"21/10/2015 01:32",,"Ğ’Ğ¾Ğ»ÑˆĞµĞ±Ğ½Ñ‹Ğ¹,Ñ‚ĞµĞ¿Ğ»Ñ‹Ğ¹,Ğ²Ğ´Ğ¾Ñ…Ğ½Ğ¾Ğ²Ğ»ÑÑÑ‰Ğ¸Ğ¹ Ñ‡ĞµĞ»Ğ¾Ğ²ĞµĞº!!!Ğ›ĞµĞ³ĞµĞ½Ğ´Ğ°...ĞšĞ°Ñ…Ğ¸ ĞšĞ°Ğ²ÑĞ°Ğ´Ğ·Ğµ â¤â¤â¤ @ JAKO FM https://t.co/gZuBKhyyHq","No","No","No","Yes","ooew29"
"656688361453854720",,,"IncSols","IncSols","en",,,,"41,701747","44,787528",,,,,,,,"21/10/2015 00:28",,"Colin and Derek on the streets of Tbilisi... https://t.co/ChNpDnZSNi","No","No","Yes","No","ooew29"
